risk_score,presentation_priority,risk_band,organic_score,label,reason_codes,content_risk,author_risk,coordination_risk,language,platform_domain,primary_theme,author_hash,date,narrative_signature,cluster_size,cluster_author_nunique,cluster_platform_nunique,cluster_window_hours,signature_term_count,cluster_confidence_score,cluster_content_similarity,stripped_char_len,english_keywords,original_text_preview
0.7876923076923078,0.7876923076923078,High,0.2123076923076922,Manipulative,LINK_HASHTAG_MENTION_DENSE;CALL_TO_ACTION_LANGUAGE;FINANCIAL_OR_CRYPTO_BAIT;HIGH_AUTHOR_VOLUME;BURST_POSTING_WITHIN_5_MIN;AUTHOR_REPEATS_TEXT_OR_KEYWORDS,0.72,0.8666666666666666,0.0,en,x.com,Technology,8d501770c735a0e8f5fdd5e408f68e8c4957366f,2024-11-20T20:31:26.000Z,kw:channel|channel telegram|daily|daily forex|forex signal|signal|signal everyday|telegram,,,,,,,,209.0,"signal everyday, telegram, channel, forex signal, daily forex, signal, channel telegram, daily, xauusd, accuracy, free, $xauusd, everyday, signals, curruncy, market, forex, gold","Free 3 to 5 signals available everyday in my channel 
Telegram http://t.me/Goldpro010
Get a daily Forex Signal everyday
98% Accuracy in Market
Gold and Curruncy E

http://t.me/Goldpro010

#GOLD #xauusd $xauusd"
0.7876923076923078,0.7876923076923078,High,0.2123076923076922,Manipulative,LINK_HASHTAG_MENTION_DENSE;CALL_TO_ACTION_LANGUAGE;FINANCIAL_OR_CRYPTO_BAIT;HIGH_AUTHOR_VOLUME;BURST_POSTING_WITHIN_5_MIN;AUTHOR_REPEATS_TEXT_OR_KEYWORDS,0.72,0.8666666666666666,0.0,en,x.com,Technology,8d501770c735a0e8f5fdd5e408f68e8c4957366f,2024-11-20T20:36:24.000Z,kw:forex|forex signal|free|market|signal|signal everyday|telegram|xauusd,,,,,,,,209.0,"forex signal, free, telegram, signal everyday, market, forex, signal, xauusd, channel, signals, daily, channel telegram, daily forex, everyday, accuracy, $xauusd, curruncy, gold","Free 3 to 5 signals available everyday in my channel 
Telegram http://t.me/Goldpro010
Get a daily Forex Signal everyday
98% Accuracy in Market
Gold and Curruncy E

http://t.me/Goldpro010

#GOLD #xauusd $xauusd"
0.7876923076923078,0.7876923076923078,High,0.2123076923076922,Manipulative,LINK_HASHTAG_MENTION_DENSE;CALL_TO_ACTION_LANGUAGE;FINANCIAL_OR_CRYPTO_BAIT;HIGH_AUTHOR_VOLUME;BURST_POSTING_WITHIN_5_MIN;AUTHOR_REPEATS_TEXT_OR_KEYWORDS,0.72,0.8666666666666666,0.0,en,x.com,Technology,8d501770c735a0e8f5fdd5e408f68e8c4957366f,2024-11-20T20:40:57.000Z,kw:accuracy|channel telegram|curruncy|daily forex|everyday|forex signal|telegram|xauusd,,,,,,,,209.0,"xauusd, telegram, accuracy, channel telegram, daily forex, forex signal, everyday, curruncy, gold, daily, free, forex, signal, signals, $xauusd, signal everyday, channel, market","Free 3 to 5 signals available everyday in my channel 
Telegram http://t.me/Goldpro010
Get a daily Forex Signal everyday
98% Accuracy in Market
Gold and Curruncy E

http://t.me/Goldpro010

#GOLD #xauusd $xauusd"
0.7669523232850908,0.7669523232850908,High,0.23304767671490922,Manipulative,VERY_LONG_TEXT;CALL_TO_ACTION_LANGUAGE;FINANCIAL_OR_CRYPTO_BAIT;ENGAGEMENT_OR_LINK_BAIT;TRADING_BOT_BAIT;HIGH_AUTHOR_VOLUME;BURST_POSTING_WITHIN_5_MIN;LOW_AUTHOR_TOPIC_DIVERSITY,0.72,0.8217300337843632,0.0,en,reddit.com,Technology,100d6bf8ae69fe55412deb0b842151aca38f37e2,2024-11-20T20:09:56.000Z,kw:ama|askreddit|child|comments|jokes|parent comments|permitted|report comments,,,,,,,,753.0,"permitted, child, jokes, comments, parent comments, askreddit, report comments, off-topic, notice, rules, message, attention, parent, posts, compose, removed, bot, ama, AMA, tag, violate, report, replies, tag notice, comment, puns","**Attention! [Serious] Tag Notice**

* [Jokes, puns, and off-topic comments are not permitted](https://www.reddit.com/r/AskReddit/wiki/index#wiki_-rule_6-) in **any** comment, parent or child.

* Parent comments that aren't from the target group will be removed, along with their child replies.

* Report comments that violate these rules.

Posts tha"
0.7669523232850908,0.7669523232850908,High,0.23304767671490922,Manipulative,VERY_LONG_TEXT;FINANCIAL_OR_CRYPTO_BAIT;ENGAGEMENT_OR_LINK_BAIT;TRADING_BOT_BAIT;HIGH_AUTHOR_VOLUME;BURST_POSTING_WITHIN_5_MIN;LOW_AUTHOR_TOPIC_DIVERSITY,0.72,0.8217300337843632,0.0,en,reddit.com,Technology,100d6bf8ae69fe55412deb0b842151aca38f37e2,2024-11-20T20:08:32.000Z,kw:compose|femboy|label|nsfw|reminder|sfw|strictly|strictly sfw,,,,,,,,814.0,"label, femboy, compose, creepy, skincare, allowed, subreddit, nsfw, comments, gatekeeping, **STRICTLY, refer, **reminder:**, for, minors, REMINDER, **strictly, feminine, message, permanent ban, SFW, posts, STRICTLY SFW, result, guidelines, SFW**, **REMINDER:**, reminder, STRICTLY, ban, permanent, sfw**, strictly, sfw, NSFW, femboy label, strictly sfw, nsfw posts","**REMINDER:** This subreddit is **STRICTLY SFW**. Creepy or NSFW posts/comments will result in a **permanent ban**, and so will gatekeeping the femboy label.

We would also like to remind you that **minors are not allowed** to participate in the subreddit. For more details on what is allowed or not, refer to our [**posting guidelines here**](https:"
0.7669523232850908,0.7669523232850908,High,0.23304767671490922,Manipulative,CALL_TO_ACTION_LANGUAGE;FINANCIAL_OR_CRYPTO_BAIT;ENGAGEMENT_OR_LINK_BAIT;TRADING_BOT_BAIT;HIGH_AUTHOR_VOLUME;BURST_POSTING_WITHIN_5_MIN;LOW_AUTHOR_TOPIC_DIVERSITY,0.72,0.8217300337843632,0.0,en,reddit.com,Social,100d6bf8ae69fe55412deb0b842151aca38f37e2,2024-11-20T20:12:28.000Z,kw:automatically|banned|compose|contact|pokemonhome|remind|subreddit|trades,,,,,,,,611.0,"contact, subreddit, remind, pokemonhome, NOT, compose, banned, automatically, imgur, trades, post, message, the, trading post, trading, needed, rules, public, concerns, found, not, permitted, move, bot, TRADES","Hello. We would like to remind everyone that on every trading post, DM TRADES are NOT permitted in this subreddit. If you move to DM trades, you may be banned! Please keep everything public, post all pictures to your profile or link an image sharing platform like Imgur if needed. If you see anyone breaking the rules, please report them. The full ru"
0.7669523232850908,0.7669523232850908,High,0.23304767671490922,Manipulative,FINANCIAL_OR_CRYPTO_BAIT;ENGAGEMENT_OR_LINK_BAIT;TRADING_BOT_BAIT;HIGH_AUTHOR_VOLUME;BURST_POSTING_WITHIN_5_MIN;LOW_AUTHOR_TOPIC_DIVERSITY,0.72,0.8217300337843632,0.0,en,reddit.com,Social,100d6bf8ae69fe55412deb0b842151aca38f37e2,2024-11-20T20:15:59.000Z,kw:banned|due|enabled|reminder|revolve|temporarily banned|twitter|uptick,,,,,,,,676.0,"due, enabled, banned, revolve, reminder:, twitter, uptick, temporarily banned, removed, REMINDER, reddit, comments, reported, invariably, reminder, bigotry, time, reddit comments, violators, invariably revolve, posts, racist, bigotry showcase, transphobic, asshole, REMINDER:, showcase, showcase posts, report, shot","# REMINDER: Bigotry Showcase posts are banned.

Due to an uptick in posts that invariably revolve around ""look what this transphobic or racist asshole said on twitter/in reddit comments"" we have enabled this reminder on every post for the time being.

Most will be removed, violators will be ~~shot~~ temporarily banned and called a nerd. **Please re"
0.7669523232850908,0.7669523232850908,High,0.23304767671490922,Manipulative,VERY_LONG_TEXT;CALL_TO_ACTION_LANGUAGE;FINANCIAL_OR_CRYPTO_BAIT;ENGAGEMENT_OR_LINK_BAIT;TRADING_BOT_BAIT;MARKET_MANIPULATION_BAIT;HIGH_AUTHOR_VOLUME;BURST_POSTING_WITHIN_5_MIN,0.72,0.8217300337843632,0.0,en,reddit.com,Social,100d6bf8ae69fe55412deb0b842151aca38f37e2,2024-11-20T20:19:49.000Z,kw:'vip|'vip'|click|fashion|fashionistas|flairs|users|vip,,,,,,,,1029.0,"fashionistas, 'VIP, users, vip, click, fashion, flairs, flair, VIP, subreddit, 'vip, reminder, vip gamepass, awesome, gamepass, lovely, inspired, user flairs, **'vip', top, game, additionally, model, **'VIP', players, dresstoimpressroblox, top model, user","Hello Fashionistas!

Just a lovely reminder that we have some awesome **user flairs** available on our subreddit, r/DressToImpressRoblox!

These flairs are a great way to show off your progress in the game and connect with other players who share your passion for fashion. Inspired by the game's ranking system, you can choose a flair that reflects y"
0.7669523232850908,0.7669523232850908,High,0.23304767671490922,Manipulative,VERY_LONG_TEXT;FINANCIAL_OR_CRYPTO_BAIT;TRADING_BOT_BAIT;HIGH_AUTHOR_VOLUME;BURST_POSTING_WITHIN_5_MIN;LOW_AUTHOR_TOPIC_DIVERSITY,0.72,0.8217300337843632,0.0,de,reddit.com,Technology,100d6bf8ae69fe55412deb0b842151aca38f37e2,2024-11-20T20:20:40.000Z,kw:check|contribution|foundation|message|operator|question|record|wiki,,,,,,,,786.0,"check, foundation, operator, contribution, record, wiki, message, question, [i_iel, rules, ich, zuhausi, anymore, iel wiki, reddit, reddit anymore, record operator, compose, fediverse, iel, bot, automatically, the, fediverse foundation, questions","
Danke für deinen Beitrag, Zuhausi. 

Schau doch mal auf unserem [Zwietrachtbediener](https://discord.gg/ich-iel-959339186341683270) vorbei! 

_______________________________________________________

Du hast eine Frage zu den Regeln? Das [Ich_Iel Wiki](https://www.reddit.com/r/ich_iel/wiki/index) sollte die meisten Fragen abdecken.

Du hast keinen "
0.7669523232850908,0.7669523232850908,High,0.23304767671490922,Manipulative,FINANCIAL_OR_CRYPTO_BAIT;TRADING_BOT_BAIT;HIGH_AUTHOR_VOLUME;BURST_POSTING_WITHIN_5_MIN;LOW_AUTHOR_TOPIC_DIVERSITY,0.72,0.8217300337843632,0.0,en,reddit.com,Social,100d6bf8ae69fe55412deb0b842151aca38f37e2,2024-11-14T19:15:09.000Z,kw:action|approved|automatically|chickens|compose|performed|post|posts,,,,,,,,391.0,"posts, approved, all, action, performed, automatically, post, compose, chickens, found, autism, contact, hey, concerns, message, moderators, questions, rules, our, bot, approved posts, subreddit","Hey /u/Chickens_ordinary13, thank you for your post at /r/autism. Our rules can be found **[here](https://www.reddit.com/r/autism/wiki/config/sidebar)**. All approved posts get this message. 


Thanks!        


*I am a bot, and this action was performed automatically. Please [contact the moderators of this subreddit](/message/compose/?to=/r/autism"
