language,platform_domain,primary_theme,suspicious_posts,high_posts,review_posts,avg_risk,unique_authors,narratives
en,x.com,Cryptocurrency,799,484,315,0.6396451890291399,610,768
en,x.com,Technology,544,333,211,0.6432069986986764,396,538
en,x.com,People,505,198,307,0.628297614984492,252,355
en,reddit.com,Technology,459,346,113,0.6858044466658024,92,457
en,x.com,Entertainment,420,147,273,0.5962265184204567,195,416
en,x.com,Social,330,188,142,0.6310446919437951,177,302
en,x.com,Politics,269,117,152,0.6008550521041482,194,268
en,reddit.com,Entertainment,204,102,102,0.6276218105662329,80,204
en,reddit.com,People,200,99,101,0.6200901174891975,82,200
en,reddit.com,Social,172,138,34,0.703241172526006,23,165
en,x.com,Investing,164,109,55,0.6523210389563552,125,163
pt,x.com,Entertainment,142,6,136,0.5557703306083588,36,142
en,x.com,Sports,139,57,82,0.6006870425412126,76,139
en,x.com,Finance,134,39,95,0.5695255016063313,107,133
ar,x.com,Sports,134,0,134,0.5058242894472489,4,134
en,x.com,Business,122,56,66,0.6113501298230309,74,115
ar,x.com,Entertainment,110,0,110,0.5040673550774408,3,110
en,reddit.com,Politics,90,63,27,0.6655909489733192,22,90
en,youtube.com,Cryptocurrency,84,61,23,0.6627380952380953,1,83
pt,x.com,People,83,4,79,0.5569045868962779,17,83
en,bsky.app,Entertainment,82,38,44,0.62009977827051,81,82
en,x.com,Science,81,45,36,0.6300827361938474,51,80
en,reddit.com,Sports,75,35,40,0.6104209027720063,31,74
en,x.com,Health,64,26,38,0.6045968034369478,43,64
en,x.com,Environment,62,29,33,0.6161206505615194,30,61
en,reddit.com,Health,57,31,26,0.6334000070958341,21,55
en,bsky.app,Technology,55,33,22,0.6377641449459632,55,55
en,reddit.com,Business,54,28,26,0.615,15,54
en,reddit.com,Finance,53,32,21,0.6342703003477974,18,53
en,reddit.com,Investing,51,35,16,0.6574219613957956,21,51
en,reddit.com,Science,51,30,21,0.6347599317468487,21,51
pt,x.com,Sports,50,4,46,0.5622203875072297,15,50
en,reddit.com,Cryptocurrency,43,31,12,0.6650818611903621,21,43
en,x.com,Law,43,24,19,0.623005366726297,30,43
pt,x.com,Politics,41,2,39,0.5547809603746703,14,41
en,bsky.app,Politics,39,21,18,0.6276260918568611,39,39
es,x.com,Entertainment,39,9,30,0.5874333903767422,17,39
en,youtube.com,Entertainment,36,16,20,0.6227777777777779,1,36
en,bsky.app,Social,36,18,18,0.6186538461538462,34,36
en,bsky.app,,34,19,15,0.6258823529411766,1,34
en,youtube.com,Politics,34,16,18,0.6123529411764705,1,34
en,x.com,Economy,33,18,15,0.6166177761632308,22,33
ja,x.com,Technology,31,8,23,0.5638382176151047,28,31
en,reddit.com,Environment,30,15,15,0.6244871794871795,10,30
en,youtube.com,Technology,28,16,12,0.6435714285714287,1,28
pt,x.com,Environment,28,0,28,0.55,3,28
pt,x.com,Technology,27,9,18,0.6004081250133881,9,27
es,x.com,People,27,3,24,0.5547308525160711,9,27
ar,x.com,Politics,27,1,26,0.5122194985757732,6,27
en,bsky.app,People,26,11,15,0.6032922846384385,26,26
en,reddit.com,Law,25,13,12,0.6204000000000001,9,25
ja,x.com,People,24,6,18,0.5604174398526953,21,23
pt,x.com,Cryptocurrency,23,1,22,0.55438127090301,5,23
ar,x.com,Environment,23,0,23,0.5023378582645939,2,23
ja,x.com,Entertainment,21,6,15,0.5727723621461739,18,21
pt,x.com,Social,21,0,21,0.55,4,21
zh,x.com,Economy,21,0,21,0.47236352614962496,6,1
en,reddit.com,Economy,20,11,9,0.6308476161642547,10,20
ja,x.com,Social,20,10,10,0.6175926573426574,15,20
en,bsky.app,Finance,19,7,12,0.5867061885482938,19,19
tr,x.com,Cryptocurrency,17,15,2,0.695362570097538,17,17
es,x.com,Technology,17,7,10,0.6077375565610861,13,17
ar,x.com,Technology,17,2,15,0.5394736778957135,7,17
es,x.com,Politics,16,2,14,0.5567386997181717,10,16
en,bsky.app,Science,15,10,5,0.6566666666666667,15,15
en,youtube.com,Investing,14,11,3,0.6764285714285715,1,14
en,youtube.com,People,14,7,7,0.6314285714285716,1,14
pt,x.com,Health,14,0,14,0.55,5,14
en,boards.4channel.org,Technology,13,5,8,0.6290430058161066,1,13
en,boards.4channel.org,Entertainment,12,5,7,0.6581513118609986,1,12
en,bsky.app,Cryptocurrency,12,8,4,0.6441025641025642,12,12
en,boards.4channel.org,Politics,12,5,7,0.6382282344931199,1,12
es,x.com,Cryptocurrency,12,5,7,0.5842249417249418,9,12
ja,x.com,Cryptocurrency,11,3,8,0.5552784056705096,10,11
pl,x.com,Social,10,8,2,0.6398461538461538,10,3
fr,x.com,Entertainment,10,3,7,0.5797173221515327,10,10
en,bsky.app,Environment,10,3,7,0.5785524475524476,10,10
pt,bsky.app,,10,1,9,0.5670000000000001,1,10
tr,x.com,People,10,2,8,0.5589999999999999,5,10
ja,x.com,Environment,10,1,9,0.5306794678387324,9,10
tr,x.com,Investing,9,7,2,0.6737353017353018,9,9
en,bsky.app,Health,9,6,3,0.6522222222222224,8,9
en,bsky.app,Sports,9,4,5,0.6094871794871796,9,9
en,boards.4channel.org,People,9,3,6,0.58788294049469,2,9
it,x.com,Entertainment,9,1,8,0.5688888888888889,4,9
pt,x.com,Finance,9,1,8,0.5688888888888889,5,9
pt,x.com,Science,9,1,8,0.5688888888888889,2,9
tr,x.com,Social,8,6,2,0.6726465201465203,3,7
en,youtube.com,Finance,8,5,3,0.65,1,8
tr,x.com,Technology,8,5,3,0.64375,5,8
en,youtube.com,Sports,8,4,4,0.6162500000000001,1,8
en,bsky.app,Business,8,4,4,0.6133129370629371,8,8
es,x.com,Environment,8,2,6,0.58625,3,8
pt,x.com,Business,8,2,6,0.5748114878542511,5,8
de,x.com,Entertainment,8,0,8,0.5437500000000001,5,8
de,x.com,Social,7,3,4,0.6157142857142858,7,7
fr,x.com,Politics,7,3,4,0.6014285714285714,7,7
es,x.com,Social,7,1,6,0.5515053154830387,4,7
fr,x.com,Technology,7,1,6,0.5457142857142857,7,7
it,x.com,Social,7,1,6,0.5308330536626641,2,3
ja,x.com,Sports,7,1,6,0.5140177193482182,7,4
ar,x.com,People,7,0,7,0.5110526375995164,2,7
de,x.com,Technology,6,6,0,0.7200000000000001,3,6
ru,youtube.com,Cryptocurrency,6,6,0,0.7200000000000001,1,6
en,bsky.app,Economy,6,3,3,0.6183333333333334,6,6
de,x.com,Cryptocurrency,6,2,4,0.5941449800039352,5,5
ja,x.com,Economy,6,2,4,0.5926923076923077,5,6
en,youtube.com,Social,6,1,5,0.5700000000000001,1,6
pt,x.com,Economy,6,0,6,0.55,4,6
ja,x.com,Finance,6,1,5,0.5416539301229081,6,6
en,postandcourier.com,Sports,6,1,5,0.5165280953170296,1,6
en,dailygazette.com,Sports,6,0,6,0.4617710610921841,1,6
pt,reddit.com,Technology,5,5,0,0.7669523232850908,1,5
en,news.ycombinator.com,Technology,5,5,0,0.7200000000000001,5,5
it,x.com,Cryptocurrency,5,4,1,0.6716591826921818,5,5
fr,x.com,Social,5,3,2,0.6335384615384616,5,5
en,bsky.app,Investing,5,3,2,0.6236363636363638,5,5
es,x.com,Law,5,2,3,0.6180000000000001,2,5
es,x.com,Sports,5,2,3,0.6180000000000001,4,5
es,x.com,Science,5,2,3,0.6042038750722962,3,5
tr,x.com,Sports,5,2,3,0.5980000000000001,4,5
pt,reddit.com,People,5,1,4,0.5763076923076923,3,3
es,x.com,Finance,5,1,4,0.5440248138957816,5,5
fr,x.com,People,5,1,4,0.5394346443030654,5,5
en,timesofindia.indiatimes.com,Politics,5,1,4,0.5302861257808883,1,5
es,x.com,Business,5,0,5,0.53,2,5
en,youtube.com,Business,5,0,5,0.52,1,5
ja,x.com,Investing,5,0,5,0.516,4,4
ar,x.com,Social,5,0,5,0.5043438596444656,2,5
km,bsky.app,Science,4,4,0,0.92,4,1
es,reddit.com,Technology,4,4,0,0.7317380808212728,2,3
ar,x.com,Cryptocurrency,4,3,1,0.6775000000000001,4,4
en,boards.4channel.org,Sports,4,3,1,0.6713371993445906,1,4
en,bsky.app,Law,4,3,1,0.6662937062937064,4,4
ja,x.com,Science,4,3,1,0.665,4,4
pl,x.com,Entertainment,4,2,2,0.6475,4,4
tr,x.com,Entertainment,4,1,3,0.5980769230769232,2,4
es,youtube.com,Technology,4,1,3,0.5925,1,4
es,youtube.com,People,4,1,3,0.5800000000000001,1,4
fr,x.com,Investing,4,1,3,0.5774447920500553,4,4
de,x.com,Politics,4,1,3,0.5699121834203433,4,4
tr,x.com,Finance,4,1,3,0.555,1,4
pt,bsky.app,Entertainment,4,0,4,0.5375000000000001,4,4
pt,x.com,Investing,4,0,4,0.5375000000000001,2,4
fr,x.com,Environment,4,0,4,0.5273429253228696,4,4
en,timesofindia.indiatimes.com,Business,4,0,4,0.5105789266178046,1,4
en,news.knowledia.com,Politics,4,0,4,0.46965152758750206,1,4
tr,youtube.com,Cryptocurrency,3,3,0,0.7000000000000001,1,3
en,youtube.com,Science,3,2,1,0.6633333333333334,1,3
es,youtube.com,Cryptocurrency,3,2,1,0.6633333333333334,1,3
fr,jeuxvideo.com,Cryptocurrency,3,2,1,0.6633333333333334,1,3
fr,x.com,Sports,3,2,1,0.6466666666666667,3,3
es,youtube.com,Entertainment,3,1,2,0.6066666666666668,1,3
fr,youtube.com,Entertainment,3,1,2,0.6066666666666668,1,3
fr,jeuxvideo.com,People,3,1,2,0.59,1,3
it,x.com,Finance,3,1,2,0.59,3,3
de,x.com,Health,3,1,2,0.5760606060606062,3,3
en,news.knowledia.com,Technology,3,0,3,0.5760453848424882,1,3
de,x.com,People,3,0,3,0.55,1,3
en,youtube.com,Health,3,0,3,0.55,1,3
es,x.com,Health,3,0,3,0.55,3,3
fr,x.com,Science,3,0,3,0.55,3,3
pt,reddit.com,Entertainment,3,0,3,0.55,3,3
pt,youtube.com,Entertainment,3,0,3,0.55,1,3
ar,x.com,Science,3,0,3,0.519221196696099,2,3
es,x.com,Investing,3,0,3,0.5166666666666667,1,3
en,timesofindia.indiatimes.com,People,3,0,3,0.48572780799965826,1,3
en,abcnews.go.com,Politics,3,0,3,0.4800567413964298,1,3
de,reddit.com,Technology,2,2,0,0.7669523232850908,1,2
en,kvue.com,Environment,2,2,0,0.7520550302546218,1,2
ar,youtube.com,Investing,2,2,0,0.7200000000000001,1,2
de,youtube.com,Cryptocurrency,2,2,0,0.7200000000000001,1,2
de,youtube.com,Investing,2,2,0,0.7200000000000001,1,2
en,mastodon.crazynewworld.net,Technology,2,2,0,0.7200000000000001,1,2
en,threads.net,Cryptocurrency,2,2,0,0.7200000000000001,2,2
fr,x.com,Cryptocurrency,2,2,0,0.7200000000000001,2,2
th,youtube.com,Cryptocurrency,2,2,0,0.7200000000000001,1,2
zh,x.com,Cryptocurrency,2,2,0,0.7200000000000001,2,2
en,zdnet.com,Technology,2,1,1,0.6928242610238526,1,2
en,boards.4channel.org,Social,2,1,1,0.6864461623139726,1,2
ja,bsky.app,Entertainment,2,1,1,0.685,2,2
en,beloitdailynews.com,Politics,2,1,1,0.6792186074794772,2,2
en,gazette.com,Politics,2,1,1,0.6767967458965417,2,2
fr,bsky.app,Entertainment,2,1,1,0.635,2,2
fr,jeuxvideo.com,Finance,2,1,1,0.635,1,2
ja,x.com,Health,2,1,1,0.635,2,2
pt,bsky.app,Investing,2,1,1,0.635,2,2
pt,reddit.com,Politics,2,1,1,0.635,2,2
zh,x.com,Entertainment,2,1,1,0.635,2,2
en,dailymail.co.uk,Entertainment,2,1,1,0.6309054193862391,1,2
en,huffpost.com,Politics,2,1,1,0.6126873039172216,1,2
en,news.ycombinator.com,Science,2,1,1,0.6100000000000001,2,2
en,threads.net,Technology,2,1,1,0.6100000000000001,2,2
en,tldr.nettime.org,Technology,2,1,1,0.6100000000000001,1,2
es,reddit.com,Social,2,1,1,0.6100000000000001,2,2
pl,x.com,Cryptocurrency,2,1,1,0.6100000000000001,2,2
zh,x.com,Technology,2,1,1,0.6100000000000001,2,2
en,fool.ca,Business,2,1,1,0.6092940573760195,1,2
en,khou.com,Science,2,1,1,0.6075897246054731,1,2
en,falmouthpacket.co.uk,People,2,1,1,0.6066650556380718,1,2
en,caledonianrecord.com,Technology,2,1,1,0.6050349650349651,2,2
en,timesofindia.indiatimes.com,Entertainment,2,1,1,0.6042530487044692,1,2
en,dnronline.com,Politics,2,1,1,0.6040959757204054,1,2
id,x.com,Environment,2,1,1,0.601875499452365,2,1
en,boards.4channel.org,Cryptocurrency,2,1,1,0.594846211948557,1,2
ko,x.com,Entertainment,2,1,1,0.5850746241388644,2,2
en,economictimes.indiatimes.com,Technology,2,0,2,0.5640902751839135,1,2
en,gazettextra.com,Sports,2,0,2,0.5624703557312254,2,2
en,analyticsinsight.net,Technology,2,0,2,0.5594388242290408,1,2
en,eonline.com,Entertainment,2,0,2,0.5571689348099854,1,2
en,nbcsports.com,Sports,2,0,2,0.5543751543197092,1,2
en,dailymail.co.uk,Science,2,0,2,0.5520371403644667,1,2
de,reddit.com,Environment,2,0,2,0.55,2,2
de,reddit.com,People,2,0,2,0.55,2,2
de,x.com,Environment,2,0,2,0.55,1,2
en,youtube.com,Environment,2,0,2,0.55,1,2
es,reddit.com,People,2,0,2,0.55,1,2
fr,jeuxvideo.com,Entertainment,2,0,2,0.55,1,2
fr,x.com,Economy,2,0,2,0.55,2,2
ja,youtube.com,Entertainment,2,0,2,0.55,1,2
pt,bsky.app,People,2,0,2,0.55,2,2
pt,x.com,Law,2,0,2,0.55,1,2
pt,youtube.com,Politics,2,0,2,0.55,1,2
pl,x.com,Science,2,0,2,0.5284615384615385,2,1
de,x.com,Economy,2,0,2,0.525,2,2
fr,jeuxvideo.com,Politics,2,0,2,0.525,1,2
fr,x.com,Business,2,0,2,0.525,2,2
fr,x.com,Health,2,0,2,0.525,2,2
ja,x.com,Business,2,0,2,0.525,2,2
hi,aajtak.in,Politics,2,0,2,0.508584512580823,1,2
nl,x.com,Entertainment,2,0,2,0.5038461538461538,2,2
et,x.com,People,2,0,2,0.5035440392931361,2,2
de,bsky.app,Politics,2,0,2,0.5,2,2
fr,x.com,Finance,2,0,2,0.5,2,2
fr,youtube.com,Politics,2,0,2,0.5,1,2
id,x.com,Technology,2,0,2,0.5,1,2
nl,x.com,Social,2,0,2,0.5,2,2
ru,x.com,Finance,2,0,2,0.5,2,2
tr,x.com,Politics,2,0,2,0.5,2,2
en,prnewswire.com,Technology,2,0,2,0.4931247008338111,1,2
en,newsweek.com,Sports,2,0,2,0.49221713415418566,1,2
en,cbc.ca,Business,2,0,2,0.48667717049406445,1,2
en,cbc.ca,Health,2,0,2,0.4864069771514144,1,2
en,dailygazette.com,Business,2,0,2,0.48608016772906626,1,2
en,globenewswire.com,Business,2,0,2,0.4761440472475532,1,2
en,joplinglobe.com,Sports,2,0,2,0.4681369117143488,1,2
en,nj.com,Sports,2,0,2,0.4653133868187187,1,2
en,keralakaumudi.com,Politics,2,0,2,0.4636505833722296,1,2
en,stroudnewsandjournal.co.uk,Sports,2,0,2,0.45922207649689406,1,2
de,ksta.de,Sports,1,1,0,0.7520550302546218,1,1
en,12news.com,Environment,1,1,0,0.7520550302546218,1,1
en,12news.com,Science,1,1,0,0.7520550302546218,1,1
en,afr.com,Business,1,1,0,0.7520550302546218,1,1
en,afr.com,Politics,1,1,0,0.7520550302546218,1,1
en,bradfordera.com,Technology,1,1,0,0.7520550302546218,1,1
en,braintreeandwithamtimes.co.uk,Sports,1,1,0,0.7520550302546218,1,1
en,dailycamera.com,Technology,1,1,0,0.7520550302546218,1,1
en,dailymail.co.uk,Politics,1,1,0,0.7520550302546218,1,1
en,djournal.com,Politics,1,1,0,0.7520550302546218,1,1
en,durangoherald.com,Science,1,1,0,0.7520550302546218,1,1
en,fool.com.au,Investing,1,1,0,0.7520550302546218,1,1
en,gazetteseries.co.uk,Sports,1,1,0,0.7520550302546218,1,1
en,ibtimes.com,Politics,1,1,0,0.7520550302546218,1,1
en,kgw.com,Science,1,1,0,0.7520550302546218,1,1
en,khou.com,Business,1,1,0,0.7520550302546218,1,1
en,legit.ng,Technology,1,1,0,0.7520550302546218,1,1
en,marinij.com,Sports,1,1,0,0.7520550302546218,1,1
en,news.knowledia.com,Social,1,1,0,0.7520550302546218,1,1
en,postregister.com,Sports,1,1,0,0.7520550302546218,1,1
en,prnewswire.com,Investing,1,1,0,0.7520550302546218,1,1
en,sandiegouniontribune.com,Environment,1,1,0,0.7520550302546218,1,1
en,shelbynews.com,Technology,1,1,0,0.7520550302546218,1,1
en,southwalesguardian.co.uk,Sports,1,1,0,0.7520550302546218,1,1
en,space.com,Science,1,1,0,0.7520550302546218,1,1
en,timesofindia.indiatimes.com,Environment,1,1,0,0.7520550302546218,1,1
en,tomsguide.com,Entertainment,1,1,0,0.7520550302546218,1,1
en,union-bulletin.com,Technology,1,1,0,0.7520550302546218,1,1
en,urdupoint.com,Investing,1,1,0,0.7520550302546218,1,1
en,wgrz.com,Politics,1,1,0,0.7520550302546218,1,1
es,abc.es,People,1,1,0,0.7520550302546218,1,1
es,diariosur.es,Finance,1,1,0,0.7520550302546218,1,1
es,semana.com,Politics,1,1,0,0.7520550302546218,1,1
es,tvn-2.com,People,1,1,0,0.7520550302546218,1,1
it,ansa.it,Sports,1,1,0,0.7520550302546218,1,1
it,fanpage.it,Entertainment,1,1,0,0.7520550302546218,1,1
pt,g1.globo.com,People,1,1,0,0.7520550302546218,1,1
en,forbes.com,Technology,1,1,0,0.7425578368999421,1,1
es,es.jalopnik.com,Sports,1,1,0,0.7425578368999421,1,1
en,boards.4channel.org,Business,1,1,0,0.7322153930832034,1,1
en,boards.4channel.org,Economy,1,1,0,0.7322153930832034,1,1
ar,x.com,Investing,1,1,0,0.7200000000000001,1,1
ca,x.com,Science,1,1,0,0.7200000000000001,1,1
da,reddit.com,Finance,1,1,0,0.7200000000000001,1,1
da,x.com,Technology,1,1,0,0.7200000000000001,1,1
de,bsky.app,,1,1,0,0.7200000000000001,1,1
de,bsky.app,Environment,1,1,0,0.7200000000000001,1,1
de,nachrichten.at,Technology,1,1,0,0.7200000000000001,1,1
de,reddit.com,Entertainment,1,1,0,0.7200000000000001,1,1
de,reddit.com,Social,1,1,0,0.7200000000000001,1,1
de,youtube.com,Entertainment,1,1,0,0.7200000000000001,1,1
de,youtube.com,Politics,1,1,0,0.7200000000000001,1,1
en,albanyherald.com,Politics,1,1,0,0.7200000000000001,1,1
en,albanyherald.com,Technology,1,1,0,0.7200000000000001,1,1
en,athensmessenger.com,Technology,1,1,0,0.7200000000000001,1,1
en,benzinga.com,Cryptocurrency,1,1,0,0.7200000000000001,1,1
en,bonito.cafe,Technology,1,1,0,0.7200000000000001,1,1
en,botsin.space,Technology,1,1,0,0.7200000000000001,1,1
en,c.im,Cryptocurrency,1,1,0,0.7200000000000001,1,1
en,cornwalllive.com,Law,1,1,0,0.7200000000000001,1,1
en,cultofmac.com,Technology,1,1,0,0.7200000000000001,1,1
en,cysec.social,Cryptocurrency,1,1,0,0.7200000000000001,1,1
en,dailyitem.com,Entertainment,1,1,0,0.7200000000000001,1,1
en,deccanchronicle.com,Science,1,1,0,0.7200000000000001,1,1
en,gazettextra.com,Health,1,1,0,0.7200000000000001,1,1
en,globalnews.ca,People,1,1,0,0.7200000000000001,1,1
en,informationweek.com,Technology,1,1,0,0.7200000000000001,1,1
en,investors.com,Technology,1,1,0,0.7200000000000001,1,1
en,johnsoncitypress.com,Technology,1,1,0,0.7200000000000001,1,1
en,kelownacapnews.com,Business,1,1,0,0.7200000000000001,1,1
en,langleyadvancetimes.com,Law,1,1,0,0.7200000000000001,1,1
en,lemmy.world,Entertainment,1,1,0,0.7200000000000001,1,1
en,lufkindailynews.com,Entertainment,1,1,0,0.7200000000000001,1,1
en,mastodon.social,Entertainment,1,1,0,0.7200000000000001,1,1
en,mercurynews.com,Technology,1,1,0,0.7200000000000001,1,1
en,myjoyonline.com,Politics,1,1,0,0.7200000000000001,1,1
en,mylondon.news,Entertainment,1,1,0,0.7200000000000001,1,1
en,naijanews.com,Politics,1,1,0,0.7200000000000001,1,1
en,news.ycombinator.com,Business,1,1,0,0.7200000000000001,1,1
en,nowgrenada.com,Environment,1,1,0,0.7200000000000001,1,1
en,nypost.com,Politics,1,1,0,0.7200000000000001,1,1
en,odt.co.nz,Business,1,1,0,0.7200000000000001,1,1
en,perthnow.com.au,Sports,1,1,0,0.7200000000000001,1,1
en,rawstory.com,Science,1,1,0,0.7200000000000001,1,1
en,reddthat.com,Technology,1,1,0,0.7200000000000001,1,1
en,thederrick.com,Entertainment,1,1,0,0.7200000000000001,1,1
en,thederrick.com,Technology,1,1,0,0.7200000000000001,1,1
en,thehindu.com,People,1,1,0,0.7200000000000001,1,1
en,thescottishsun.co.uk,Business,1,1,0,0.7200000000000001,1,1
en,threads.net,Science,1,1,0,0.7200000000000001,1,1
en,tradingview.com,Cryptocurrency,1,1,0,0.7200000000000001,1,1
en,varsity.co.uk,Health,1,1,0,0.7200000000000001,1,1
en,watoday.com.au,Politics,1,1,0,0.7200000000000001,1,1
en,wesa.fm,Politics,1,1,0,0.7200000000000001,1,1
en,wired.com,Technology,1,1,0,0.7200000000000001,1,1
en,youtube.com,,1,1,0,0.7200000000000001,1,1
eo,reddit.com,Entertainment,1,1,0,0.7200000000000001,1,1
es,bonito.cafe,Cryptocurrency,1,1,0,0.7200000000000001,1,1
es,bonito.cafe,Technology,1,1,0,0.7200000000000001,1,1
es,eldiariony.com,Cryptocurrency,1,1,0,0.7200000000000001,1,1
es,notibomba.com,Law,1,1,0,0.7200000000000001,1,1
et,youtube.com,Entertainment,1,1,0,0.7200000000000001,1,1
fa,x.com,Cryptocurrency,1,1,0,0.7200000000000001,1,1
fa,x.com,Health,1,1,0,0.7200000000000001,1,1
fr,bsky.app,Sports,1,1,0,0.7200000000000001,1,1
fr,jeuxvideo.com,Health,1,1,0,0.7200000000000001,1,1
fr,youtube.com,Cryptocurrency,1,1,0,0.7200000000000001,1,1
id,reddit.com,Politics,1,1,0,0.7200000000000001,1,1
id,x.com,Cryptocurrency,1,1,0,0.7200000000000001,1,1
ie,x.com,Social,1,1,0,0.7200000000000001,1,1
it,mastodon.uno,Cryptocurrency,1,1,0,0.7200000000000001,1,1
it,reddit.com,Technology,1,1,0,0.7200000000000001,1,1
it,x.com,Technology,1,1,0,0.7200000000000001,1,1
it,youtube.com,Cryptocurrency,1,1,0,0.7200000000000001,1,1
it,youtube.com,Entertainment,1,1,0,0.7200000000000001,1,1
ja,mastodon.crazynewworld.net,Technology,1,1,0,0.7200000000000001,1,1
ko,bsky.app,Technology,1,1,0,0.7200000000000001,1,1
ko,x.com,Cryptocurrency,1,1,0,0.7200000000000001,1,1
ko,youtube.com,Cryptocurrency,1,1,0,0.7200000000000001,1,1
la,reddit.com,Technology,1,1,0,0.7200000000000001,1,1
mk,vecer.mk,Technology,1,1,0,0.7200000000000001,1,1
ms,x.com,Technology,1,1,0,0.7200000000000001,1,1
nl,x.com,Politics,1,1,0,0.7200000000000001,1,1
pl,x.com,Environment,1,1,0,0.7200000000000001,1,1
ru,reddit.com,Cryptocurrency,1,1,0,0.7200000000000001,1,1
ru,reddit.com,Finance,1,1,0,0.7200000000000001,1,1
ru,reddit.com,Technology,1,1,0,0.7200000000000001,1,1
ru,x.com,Cryptocurrency,1,1,0,0.7200000000000001,1,1
ru,youtube.com,,1,1,0,0.7200000000000001,1,1
ru,youtube.com,Science,1,1,0,0.7200000000000001,1,1
ru,youtube.com,Sports,1,1,0,0.7200000000000001,1,1
ru,youtube.com,Technology,1,1,0,0.7200000000000001,1,1
sk,reddit.com,Social,1,1,0,0.7200000000000001,1,1
sv,x.com,Cryptocurrency,1,1,0,0.7200000000000001,1,1
sv,x.com,Technology,1,1,0,0.7200000000000001,1,1
sw,x.com,Social,1,1,0,0.7200000000000001,1,1
th,x.com,Cryptocurrency,1,1,0,0.7200000000000001,1,1
zh,x.com,Health,1,1,0,0.7200000000000001,1,1
es,eldiariomontanes.es,Science,1,1,0,0.68,1,1
hi,x.com,Technology,1,1,0,0.6642349957734573,1,1
en,dailydemocrat.com,Politics,1,1,0,0.659029304029304,1,1
en,dailyfreeman.com,Politics,1,1,0,0.659029304029304,1,1
en,greeleytribune.com,Politics,1,1,0,0.659029304029304,1,1
en,macombdaily.com,Technology,1,1,0,0.659029304029304,1,1
en,timescall.com,Politics,1,1,0,0.659029304029304,1,1
en,henryherald.com,Sports,1,1,0,0.6566272189349113,1,1
en,mtdemocrat.com,Sports,1,1,0,0.6566272189349113,1,1
en,swoknews.com,Sports,1,1,0,0.6562237762237764,1,1
en,enidnews.com,Science,1,1,0,0.6530769230769231,1,1
de,boards.4channel.org,People,1,0,1,0.6406769315447419,1,1
en,beloitdailynews.com,Technology,1,0,1,0.6384372149589542,1,1
en,dailyadvance.com,Technology,1,0,1,0.6384372149589542,1,1
bg,investor.bg,Finance,1,0,1,0.6335934917930833,1,1
en,analyticsinsight.net,Cryptocurrency,1,0,1,0.6335934917930833,1,1
en,capitalgazette.com,Environment,1,0,1,0.6335934917930833,1,1
en,countypress.co.uk,Social,1,0,1,0.6335934917930833,1,1
en,courant.com,People,1,0,1,0.6335934917930833,1,1
en,dnronline.com,Finance,1,0,1,0.6335934917930833,1,1
en,eadt.co.uk,Politics,1,0,1,0.6335934917930833,1,1
en,gbtribune.com,Finance,1,0,1,0.6335934917930833,1,1
en,geo.tv,People,1,0,1,0.6335934917930833,1,1
en,idahostatejournal.com,Politics,1,0,1,0.6335934917930833,1,1
en,journalnow.com,Health,1,0,1,0.6335934917930833,1,1
en,livescience.com,Science,1,0,1,0.6335934917930833,1,1
en,nj.com,Entertainment,1,0,1,0.6335934917930833,1,1
en,nordic.ign.com,Entertainment,1,0,1,0.6335934917930833,1,1
en,odt.co.nz,Health,1,0,1,0.6335934917930833,1,1
en,phys.org,Business,1,0,1,0.6335934917930833,1,1
en,postandcourier.com,Technology,1,0,1,0.6335934917930833,1,1
en,pressherald.com,Technology,1,0,1,0.6335934917930833,1,1
en,qctimes.com,Politics,1,0,1,0.6335934917930833,1,1
en,radiojamaicanewsonline.com,Finance,1,0,1,0.6335934917930833,1,1
en,santacruzsentinel.com,Economy,1,0,1,0.6335934917930833,1,1
en,sloughobserver.co.uk,Social,1,0,1,0.6335934917930833,1,1
en,sunjournal.com,Politics,1,0,1,0.6335934917930833,1,1
en,theglobeandmail.com,Politics,1,0,1,0.6335934917930833,1,1
en,thenews.com.pk,Politics,1,0,1,0.6335934917930833,1,1
en,unionleader.com,Business,1,0,1,0.6335934917930833,1,1
id,news.detik.com,Politics,1,0,1,0.6335934917930833,1,1
pl,gry.interia.pl,Entertainment,1,0,1,0.6335934917930833,1,1
en,boards.4channel.org,Science,1,0,1,0.613753854621665,1,1
en,greeleytribune.com,Business,1,0,1,0.6057692307692308,1,1
en,canoncitydailyrecord.com,Technology,1,0,1,0.5953846153846155,1,1
en,thesunchronicle.com,Sports,1,0,1,0.5953846153846155,1,1
ja,bsky.app,Technology,1,0,1,0.5838461538461539,1,1
en,enidnews.com,Technology,1,0,1,0.5723076923076924,1,1
en,morningjournal.com,Business,1,0,1,0.5723076923076924,1,1
en,thestar.com,Law,1,0,1,0.5630769230769231,1,1
eu,x.com,Investing,1,0,1,0.5538461538461539,1,1
ar,youtube.com,Entertainment,1,0,1,0.55,1,1
ar,youtube.com,Sports,1,0,1,0.55,1,1
cy,x.com,Cryptocurrency,1,0,1,0.55,1,1
de,bsky.app,Business,1,0,1,0.55,1,1
de,youtube.com,Technology,1,0,1,0.55,1,1
en,threads.net,Health,1,0,1,0.55,1,1
es,bsky.app,Entertainment,1,0,1,0.55,1,1
es,bsky.app,Environment,1,0,1,0.55,1,1
es,reddit.com,Environment,1,0,1,0.55,1,1
es,x.com,Economy,1,0,1,0.55,1,1
es,youtube.com,Science,1,0,1,0.55,1,1
et,reddit.com,Entertainment,1,0,1,0.55,1,1
et,reddit.com,People,1,0,1,0.55,1,1
fi,reddit.com,Entertainment,1,0,1,0.55,1,1
fi,reddit.com,Technology,1,0,1,0.55,1,1
fi,x.com,People,1,0,1,0.55,1,1
fi,x.com,Science,1,0,1,0.55,1,1
fi,youtube.com,Entertainment,1,0,1,0.55,1,1
fr,reddit.com,Science,1,0,1,0.55,1,1
fr,reddit.com,Technology,1,0,1,0.55,1,1
gl,bsky.app,Entertainment,1,0,1,0.55,1,1
hu,x.com,Entertainment,1,0,1,0.55,1,1
hu,x.com,Environment,1,0,1,0.55,1,1
is,x.com,Entertainment,1,0,1,0.55,1,1
it,reddit.com,Entertainment,1,0,1,0.55,1,1
it,reddit.com,Environment,1,0,1,0.55,1,1
it,x.com,Politics,1,0,1,0.55,1,1
it,youtube.com,Science,1,0,1,0.55,1,1
ja,reddit.com,Entertainment,1,0,1,0.55,1,1
ja,reddit.com,People,1,0,1,0.55,1,1
ja,reddthat.com,Economy,1,0,1,0.55,1,1
ms,x.com,Environment,1,0,1,0.55,1,1
nl,x.com,People,1,0,1,0.55,1,1
nl,x.com,Sports,1,0,1,0.55,1,1
pt,bsky.app,Business,1,0,1,0.55,1,1
pt,bsky.app,Environment,1,0,1,0.55,1,1
pt,bsky.app,Health,1,0,1,0.55,1,1
pt,bsky.app,Technology,1,0,1,0.55,1,1
pt,reddit.com,Cryptocurrency,1,0,1,0.55,1,1
pt,reddit.com,Social,1,0,1,0.55,1,1
pt,youtube.com,Cryptocurrency,1,0,1,0.55,1,1
pt,youtube.com,Economy,1,0,1,0.55,1,1
pt,youtube.com,Health,1,0,1,0.55,1,1
pt,youtube.com,People,1,0,1,0.55,1,1
pt,youtube.com,Sports,1,0,1,0.55,1,1
sl,x.com,Entertainment,1,0,1,0.55,1,1
sq,youtube.com,Entertainment,1,0,1,0.55,1,1
ta,x.com,People,1,0,1,0.55,1,1
th,x.com,Entertainment,1,0,1,0.55,1,1
tl,x.com,Entertainment,1,0,1,0.55,1,1
tl,x.com,Environment,1,0,1,0.55,1,1
tr,x.com,Economy,1,0,1,0.55,1,1
uk,reddit.com,Entertainment,1,0,1,0.55,1,1
uk,x.com,Technology,1,0,1,0.55,1,1
vi,x.com,Cryptocurrency,1,0,1,0.55,1,1
zh,reddit.com,People,1,0,1,0.55,1,1
zh,x.com,Business,1,0,1,0.55,1,1
zh,x.com,People,1,0,1,0.55,1,1
zh,youtube.com,Entertainment,1,0,1,0.55,1,1
en,newschannel5.com,Health,1,0,1,0.5492307692307693,1,1
ko,x.com,People,1,0,1,0.5439995098385209,1,1
en,bostonherald.com,Politics,1,0,1,0.5405677655677656,1,1
en,canoncitydailyrecord.com,Economy,1,0,1,0.5405677655677656,1,1
en,delcotimes.com,Economy,1,0,1,0.5405677655677656,1,1
en,nydailynews.com,Politics,1,0,1,0.5405677655677656,1,1
en,thewest.com.au,Environment,1,0,1,0.5393706293706294,1,1
en,columbiagorgenews.com,Sports,1,0,1,0.5381656804733728,1,1
en,dailyitem.com,Politics,1,0,1,0.5377622377622377,1,1
en,starbeacon.com,Politics,1,0,1,0.5377622377622377,1,1
es,elperiodicoextremadura.com,Politics,1,0,1,0.5217482517482518,1,1
es,laprovincia.es,Politics,1,0,1,0.5217482517482518,1,1
en,gazettextra.com,Finance,1,0,1,0.5199756764974156,1,1
he,theadvocate.com,Technology,1,0,1,0.5177569728193567,1,1
hr,reddit.com,Technology,1,0,1,0.514928779177106,1,1
fa,x.com,Entertainment,1,0,1,0.5085585377795415,1,1
en,panow.com,Politics,1,0,1,0.507802446370038,1,1
en,skynews.com.au,Sports,1,0,1,0.504686964332573,1,1
en,bangordailynews.com,Business,1,0,1,0.5041420210220686,1,1
vi,x.com,Entertainment,1,0,1,0.5037204104391535,1,1
en,dailymail.co.uk,Sports,1,0,1,0.5035788663094352,1,1
ja,boards.4channel.org,Sports,1,0,1,0.5010428712100274,1,1
en,hindustantimes.com,Environment,1,0,1,0.5000555929441775,1,1
ar,x.com,Business,1,0,1,0.5,1,1
be,x.com,Technology,1,0,1,0.5,1,1
da,x.com,Business,1,0,1,0.5,1,1
de,reddit.com,Politics,1,0,1,0.5,1,1
de,x.com,Finance,1,0,1,0.5,1,1
de,x.com,Law,1,0,1,0.5,1,1
de,x.com,Science,1,0,1,0.5,1,1
de,x.com,Sports,1,0,1,0.5,1,1
el,x.com,Finance,1,0,1,0.5,1,1
en,chicagotribune.com,Technology,1,0,1,0.5,1,1
en,cnet.com,Technology,1,0,1,0.5,1,1
en,dailynews.com,Entertainment,1,0,1,0.5,1,1
en,dailypost.ng,Politics,1,0,1,0.5,1,1
en,democratherald.com,Entertainment,1,0,1,0.5,1,1
en,fourfourtwo.com,Sports,1,0,1,0.5,1,1
en,gvwire.com,Sports,1,0,1,0.5,1,1
en,mastodon.social,Technology,1,0,1,0.5,1,1
en,mstdn.social,Finance,1,0,1,0.5,1,1
en,myjoyonline.com,Finance,1,0,1,0.5,1,1
en,profit.pakistantoday.com.pk,Economy,1,0,1,0.5,1,1
en,salon.com,Politics,1,0,1,0.5,1,1
en,standard.co.uk,Business,1,0,1,0.5,1,1
en,the-express.com,Sports,1,0,1,0.5,1,1
en,theepochtimes.com,People,1,0,1,0.5,1,1
en,theverge.com,Technology,1,0,1,0.5,1,1
en,threads.net,Finance,1,0,1,0.5,1,1
en,threads.net,People,1,0,1,0.5,1,1
en,timescall.com,Law,1,0,1,0.5,1,1
en,today.com,Sports,1,0,1,0.5,1,1
en,torontosun.com,Social,1,0,1,0.5,1,1
en,youtube.com,Law,1,0,1,0.5,1,1
es,bsky.app,Social,1,0,1,0.5,1,1
fr,yabiladi.com,Business,1,0,1,0.5,1,1
fr,youtube.com,,1,0,1,0.5,1,1
hi,x.com,Politics,1,0,1,0.5,1,1
hu,reddit.com,Politics,1,0,1,0.5,1,1
ja,wakoka.com,Entertainment,1,0,1,0.5,1,1
nl,reddit.com,Cryptocurrency,1,0,1,0.5,1,1
nl,x.com,Investing,1,0,1,0.5,1,1
no,x.com,People,1,0,1,0.5,1,1
pl,bsky.app,Politics,1,0,1,0.5,1,1
ro,reddit.com,Cryptocurrency,1,0,1,0.5,1,1
ru,youtube.com,Finance,1,0,1,0.5,1,1
sq,x.com,People,1,0,1,0.5,1,1
sr,reddit.com,Sports,1,0,1,0.5,1,1
tl,reddit.com,Health,1,0,1,0.5,1,1
tr,youtube.com,Entertainment,1,0,1,0.5,1,1
tr,youtube.com,Health,1,0,1,0.5,1,1
uk,lb.ua,Politics,1,0,1,0.5,1,1
uk,x.com,Finance,1,0,1,0.5,1,1
uk,youtube.com,Technology,1,0,1,0.5,1,1
zh,x.com,Politics,1,0,1,0.5,1,1
en,dailytribune.com,Politics,1,0,1,0.49888111888111897,1,1
en,travelandtourworld.com,Health,1,0,1,0.49510468102297156,1,1
en,dailygazette.com,Law,1,0,1,0.49492844033584504,1,1
en,sandiegouniontribune.com,Politics,1,0,1,0.4944332461485208,1,1
es,prnewswire.com,Business,1,0,1,0.4937840300510619,1,1
en,kcra.com,Politics,1,0,1,0.49287770420626786,1,1
en,foxnews.com,People,1,0,1,0.4925813348255718,1,1
en,wmur.com,Politics,1,0,1,0.49238948967897933,1,1
en,newsweek.com,Science,1,0,1,0.4922857659277897,1,1
en,romesentinel.com,Investing,1,0,1,0.49201838775204554,1,1
en,mcall.com,Entertainment,1,0,1,0.4910131856244723,1,1
en,castanet.net,Business,1,0,1,0.48820593426927084,1,1
en,theweek.in,Politics,1,0,1,0.4876535621512996,1,1
en,dailybreeze.com,Entertainment,1,0,1,0.48742048590876974,1,1
en,globenewswire.com,Health,1,0,1,0.4864340914926169,1,1
en,masslive.com,Sports,1,0,1,0.4857866209480263,1,1
en,news-gazette.com,Law,1,0,1,0.4851793823094686,1,1
en,globenewswire.com,Investing,1,0,1,0.48510598296189666,1,1
en,outlookindia.com,Sports,1,0,1,0.48506479607478514,1,1
en,chronicleonline.com,Sports,1,0,1,0.48461538461538467,1,1
en,thederrick.com,Sports,1,0,1,0.48461538461538467,1,1
es,deia.eus,Environment,1,0,1,0.48461538461538467,1,1
en,amny.com,Sports,1,0,1,0.4843285188353201,1,1
ru,vesti.az,Technology,1,0,1,0.48425063921105876,1,1
en,bulawayo24.com,Science,1,0,1,0.48363262499443993,1,1
en,skysports.com,Sports,1,0,1,0.48321226151129437,1,1
en,cbsnews.com,Finance,1,0,1,0.48290285789711196,1,1
en,skynews.com.au,Environment,1,0,1,0.4826651643151494,1,1
en,ipswichstar.co.uk,Politics,1,0,1,0.48263622382858773,1,1
en,timeswv.com,Law,1,0,1,0.4816046380207665,1,1
it,today.it,Politics,1,0,1,0.48146433441073855,1,1
ko,x.com,Technology,1,0,1,0.48116163428535563,1,1
ru,interfax.ru,Politics,1,0,1,0.48093995853053506,1,1
es,farodevigo.es,Law,1,0,1,0.4808400523612519,1,1
la,x.com,Entertainment,1,0,1,0.48076923076923084,1,1
en,travelandtourworld.com,Business,1,0,1,0.4804302469107967,1,1
en,ncnewsonline.com,People,1,0,1,0.4802419681780173,1,1
en,reformer.com,Politics,1,0,1,0.4799358694581649,1,1
en,sgvtribune.com,Law,1,0,1,0.4798267722336555,1,1
it,tg24.sky.it,Entertainment,1,0,1,0.47980049321880736,1,1
en,journalnow.com,Technology,1,0,1,0.4792385918810218,1,1
en,leaderlive.co.uk,Health,1,0,1,0.47870481280949656,1,1
en,natchezdemocrat.com,People,1,0,1,0.4782567788820419,1,1
en,expressandstar.com,Law,1,0,1,0.4775053734906019,1,1
en,sportstar.thehindu.com,Sports,1,0,1,0.4774955098271585,1,1
en,thedailystar.net,People,1,0,1,0.47741313109538097,1,1
en,pressherald.com,Environment,1,0,1,0.4773786369278112,1,1
en,timesofindia.indiatimes.com,Economy,1,0,1,0.47727177485402134,1,1
en,marinij.com,Entertainment,1,0,1,0.47687621314880374,1,1
es,elsoldehermosillo.com.mx,Politics,1,0,1,0.4768723384039434,1,1
en,prnewswire.com,Science,1,0,1,0.47641539890282464,1,1
en,freepressjournal.in,Politics,1,0,1,0.47637889240975323,1,1
en,fortmorgantimes.com,Entertainment,1,0,1,0.4763473041235868,1,1
en,thesunchronicle.com,Technology,1,0,1,0.47580419580419586,1,1
en,nj.com,Health,1,0,1,0.47518653519057047,1,1
es,telecinco.es,Health,1,0,1,0.47498134570692396,1,1
en,thejournal.ie,People,1,0,1,0.4746826606028485,1,1
en,swoknews.com,Technology,1,0,1,0.47454545454545455,1,1
en,syracuse.com,Science,1,0,1,0.4740535054810809,1,1
en,reformer.com,Sports,1,0,1,0.47403364531088804,1,1
en,burytimes.co.uk,Politics,1,0,1,0.4739448461650174,1,1
en,joplinglobe.com,Politics,1,0,1,0.4736302878158957,1,1
it,liberoquotidiano.it,Politics,1,0,1,0.47344157328176206,1,1
en,usatoday.com,Technology,1,0,1,0.47320636449373493,1,1
en,greaterkashmir.com,Entertainment,1,0,1,0.4729620148350974,1,1
en,prnewswire.com,Health,1,0,1,0.4726106550221775,1,1
de,de.euronews.com,Politics,1,0,1,0.47229586403928586,1,1
en,siouxcityjournal.com,Environment,1,0,1,0.47220016808458315,1,1
es,lavozdelafrontera.com.mx,Politics,1,0,1,0.4716650422671402,1,1
en,urdupoint.com,Politics,1,0,1,0.4712314405503698,1,1
en,gazetteherald.co.uk,Politics,1,0,1,0.47100310209889046,1,1
en,watfordobserver.co.uk,Politics,1,0,1,0.47100310209889046,1,1
en,castanet.net,Entertainment,1,0,1,0.4704915047208736,1,1
en,news.knowledia.com,Business,1,0,1,0.4701994990830519,1,1
en,foxsports.com.au,Sports,1,0,1,0.469784738811389,1,1
en,financialpost.com,Economy,1,0,1,0.4697802197802199,1,1
en,dailygazette.com,Science,1,0,1,0.4688980059958784,1,1
en,hamhigh.co.uk,Entertainment,1,0,1,0.46887299304958135,1,1
en,cbc.ca,Politics,1,0,1,0.4681248696824136,1,1
en,cnbc.com,Business,1,0,1,0.46796963994257595,1,1
es,metro.pr,Business,1,0,1,0.4677997940001333,1,1
en,shropshirestar.com,Technology,1,0,1,0.46761216054828175,1,1
en,lowellsun.com,Entertainment,1,0,1,0.4674908716960328,1,1
en,capitalgazette.com,Entertainment,1,0,1,0.46739753448906135,1,1
en,guardian-series.co.uk,Sports,1,0,1,0.4671462058176577,1,1
en,panow.com,Sports,1,0,1,0.467054358670117,1,1
ca,x.com,Environment,1,0,1,0.4669930069930071,1,1
ja,x.com,Law,1,0,1,0.4669930069930071,1,1
en,news-gazette.com,Sports,1,0,1,0.46674458668385377,1,1
en,dailybreeze.com,Sports,1,0,1,0.4651657383481263,1,1
en,irishtimes.com,Environment,1,0,1,0.4648866006135018,1,1
en,pk.ign.com,Entertainment,1,0,1,0.4648079858414896,1,1
en,sgvtribune.com,Health,1,0,1,0.4647205498407042,1,1
en,globenewswire.com,Technology,1,0,1,0.4647042353352346,1,1
en,courant.com,Technology,1,0,1,0.46463692730521017,1,1
es,elespanol.com,Sports,1,0,1,0.4646347595575172,1,1
en,themercury.com,Sports,1,0,1,0.4644661203626398,1,1
it,theadvocate.com,Entertainment,1,0,1,0.46438090444328833,1,1
en,cleveland.com,Law,1,0,1,0.464192158227827,1,1
en,seekingalpha.com,Business,1,0,1,0.46414970644947184,1,1
en,pennlive.com,Sports,1,0,1,0.46361700008042556,1,1
en,dothaneagle.com,Health,1,0,1,0.4635437630631412,1,1
en,northwalespioneer.co.uk,People,1,0,1,0.46349822759250037,1,1
en,shropshirestar.com,People,1,0,1,0.46349822759250037,1,1
en,countypress.co.uk,Politics,1,0,1,0.46344897502560806,1,1
en,news.knowledia.com,Sports,1,0,1,0.4634240700765996,1,1
en,gazetteherald.co.uk,Technology,1,0,1,0.4630811589907842,1,1
en,thisislocallondon.co.uk,Technology,1,0,1,0.4630811589907842,1,1
he,tmi.maariv.co.il,Entertainment,1,0,1,0.46299124058181707,1,1
en,eadt.co.uk,Technology,1,0,1,0.46277398921468793,1,1
en,leaderlive.co.uk,Technology,1,0,1,0.46277398921468793,1,1
en,union-bulletin.com,Sports,1,0,1,0.462457115799263,1,1
en,kvue.com,Technology,1,0,1,0.4624144575508397,1,1
es,elsoldemexico.com.mx,Business,1,0,1,0.4622534906498577,1,1
en,foxnews.com,Politics,1,0,1,0.4616631539576242,1,1
en,sbnation.com,Sports,1,0,1,0.46150379337367986,1,1
es,abc.es,Cryptocurrency,1,0,1,0.4614399789548643,1,1
fr,news.knowledia.com,Politics,1,0,1,0.46122838096024377,1,1
en,govtech.com,Technology,1,0,1,0.4611690009965419,1,1
en,theoaklandpress.com,Business,1,0,1,0.4610599254468321,1,1
en,dailybreeze.com,Technology,1,0,1,0.4609342227732105,1,1
en,gazette.com,Law,1,0,1,0.46076264633031927,1,1
en,news.knowledia.com,People,1,0,1,0.46075171418042754,1,1
en,channelnewsasia.com,Technology,1,0,1,0.4605019432325121,1,1
en,newsshopper.co.uk,Entertainment,1,0,1,0.46022376713410473,1,1
en,thisislocallondon.co.uk,Entertainment,1,0,1,0.46022376713410473,1,1
en,aa.com.tr,Politics,1,0,1,0.4599774355227227,1,1
uk,nv.ua,Politics,1,0,1,0.45931051164721204,1,1
de,bild.de,People,1,0,1,0.45927111942132176,1,1
en,robesonian.com,Sports,1,0,1,0.4590949161461885,1,1
en,courant.com,Science,1,0,1,0.4587326809009242,1,1
en,wfaa.com,Business,1,0,1,0.45872855343207986,1,1
ru,x.com,People,1,0,1,0.45846796279124613,1,1
en,latimes.com,Politics,1,0,1,0.4583665292573038,1,1
ja,news.yahoo.co.jp,Technology,1,0,1,0.45823930510139366,1,1
en,sentinelandenterprise.com,Politics,1,0,1,0.45818181818181825,1,1
en,oneidadispatch.com,Health,1,0,1,0.45816677389935984,1,1
ar,tayyar.org,Environment,1,0,1,0.4574696701833827,1,1
en,ilkleygazette.co.uk,Politics,1,0,1,0.4573117794517047,1,1
es,telecinco.es,People,1,0,1,0.456890544656986,1,1
en,lrt.lt,Politics,1,0,1,0.4567560801955785,1,1
el,tanea.gr,Politics,1,0,1,0.45666323738117925,1,1
da,x.com,Entertainment,1,0,1,0.45655992352924374,1,1
en,sthelensstar.co.uk,Politics,1,0,1,0.4564955921617989,1,1
en,timesofindia.indiatimes.com,Law,1,0,1,0.4562112079416871,1,1
es,superdeporte.es,Science,1,0,1,0.4561333204951075,1,1
en,wthr.com,Entertainment,1,0,1,0.45601507615745634,1,1
en,rnz.co.nz,Environment,1,0,1,0.4557241007106685,1,1
en,sgvtribune.com,Science,1,0,1,0.4550319630968758,1,1
es,expansion.com,Finance,1,0,1,0.4549873313113005,1,1
en,latestly.com,Sports,1,0,1,0.45496666478368386,1,1
es,eldiariocantabria.publico.es,Business,1,0,1,0.4545426664605344,1,1
en,news.knowledia.com,Health,1,0,1,0.4541608287616033,1,1
en,romesentinel.com,Technology,1,0,1,0.4539488391858612,1,1
es,okdiario.com,Technology,1,0,1,0.4538292153659082,1,1
en,salisburyjournal.co.uk,Politics,1,0,1,0.4537773213022635,1,1
es,prnewswire.com,Entertainment,1,0,1,0.45359849534601554,1,1
es,elsoldelcentro.com.mx,Politics,1,0,1,0.4535235543683814,1,1
es,elsoldetijuana.com.mx,Politics,1,0,1,0.4535235543683814,1,1
en,livemint.com,Politics,1,0,1,0.4535222511941806,1,1
fr,actu.fr,Entertainment,1,0,1,0.453511224014053,1,1
en,news.knowledia.com,Entertainment,1,0,1,0.4534552919378499,1,1
en,en.trend.az,Politics,1,0,1,0.45340044341604474,1,1
es,elespanol.com,People,1,0,1,0.45306421507647093,1,1
zh,udn.com,Law,1,0,1,0.4530117665100819,1,1
en,hamhigh.co.uk,Politics,1,0,1,0.45260771714464243,1,1
en,newsshopper.co.uk,Politics,1,0,1,0.45260771714464243,1,1
es,elsoldehermosillo.com.mx,Science,1,0,1,0.45246559738946146,1,1
en,jamaicaobserver.com,Health,1,0,1,0.452456251696214,1,1
it,tuttomercatoweb.com,Sports,1,0,1,0.452354272787372,1,1
pl,reddit.com,Entertainment,1,0,1,0.45186735885035584,1,1
en,latestly.com,Politics,1,0,1,0.4517400043542362,1,1
en,newsshopper.co.uk,Sports,1,0,1,0.4512979471761305,1,1
en,chronline.com,Science,1,0,1,0.4512979202002991,1,1
es,huelvainformacion.es,Technology,1,0,1,0.45109534679497953,1,1
en,timesofindia.indiatimes.com,Social,1,0,1,0.4510467835311114,1,1
tr,cnnturk.com,Entertainment,1,0,1,0.4509084801691209,1,1
en,timesofindia.indiatimes.com,Science,1,0,1,0.4508413185847403,1,1
