author_hash,sample_posts,high_posts,review_posts,avg_risk,max_risk,author_risk,author_volume_risk,author_burst_risk,author_repeat_risk,author_low_theme_diversity_risk,author_post_count_full,platform_nunique,theme_nunique,language_nunique,example_text,review_high_posts,review_high_share
b34e6852dfc57a38fdf638762c25154929905538,304,0,304,0.5057089402808286,0.5367042437538899,0.9729530354351223,1.0,0.9108910891089109,0.9967105263157895,0.9736842105263158,7950.0,1,8,2,"برشلونة أروكا إستريلا دا أمادورا باريس سان جيرمان أوتريخت

ڪۆد خضم مباشر

▬إيهٮرب▬ ← CNU3074",304,1.0
31ce25fc2791c7dbf8a8117d4ffccbcb7ad315c6,8,0,0,0.42567201192288534,0.43913287677735663,0.8785714285714286,1.0,0.7142857142857143,0.875,0.875,81.0,1,1,1,预约安排！正在营业！2024/11/15 3:07:01,0,0.0
8d501770c735a0e8f5fdd5e408f68e8c4957366f,3,3,0,0.7876923076923078,0.7876923076923078,0.8666666666666666,1.0,1.0,0.6666666666666667,0.6666666666666667,46.0,1,1,1,"Free 3 to 5 signals available everyday in my channel 
Telegram http://t.me/Goldpro010
Get a daily Forex Signal everyday
98% Accuracy in Market
Gold and Curruncy E

http://t.me/Goldpro010

#GOLD #xauusd $xauusd",3,1.0
fc9dbe3c166164a3932b7934c035aa098517fd10,3,0,0,0.404889976752769,0.40488997675276905,0.8666666666666666,1.0,1.0,0.6666666666666667,0.6666666666666667,20.0,1,1,1,"$Nemo 
$Nwo
$Forky
$Ripple Xrp589
$Skol",0,0.0
0bf489067a5b5819b1b8dc2f396085090eb29249,4,0,4,0.5061107919544972,0.5082923630246149,0.8624999999999999,1.0,1.0,0.75,0.5,52.0,1,2,1,Daily guaranteed profit assurance on stock market contact us on whtsp 77083 75587 ##Bhel.,4,1.0
9b40e4cab53b8ed451de008fbaaa1855d644da7f,5,5,0,0.8911538461538463,0.8911538461538463,0.8575,1.0,0.75,0.8,0.8,133.0,1,1,1,,5,1.0
bf5e75cfddd9437eb21965a7226d8856e6e8aa29,5,0,5,0.4929648291171774,0.49296482911717737,0.8575,1.0,0.75,0.8,0.8,53.0,1,1,1,FreePalestine   #Gaza_Genocide   #GazaMassacre   #GazaHolocaust      #Palestine   #Yemen   #Gaza   #StrikeForGaza #CeasefireNow   #GazaStarving   #UNRWA   #AirDropAidForGaza #Rafah  #UyghurGenocide  #GazaCeasefire,5,1.0
0efad71f30b3568e6d87580d8e3dd2092a550d2c,81,0,2,0.443429915066964,0.4557911411709156,0.8396604938271605,1.0,0.45,0.9753086419753086,0.8888888888888888,2214.0,1,9,1,"غو أهيد إيغلز نوتنغهام فورست

ڪۆد خضم مباشر

⎐ٺوٺ⎐
⊵BFF4⊴",2,0.024691358024691357
12e2a4e9d619017b71dc3e45480237480ecd7053,56,0,3,0.44433360058783306,0.47542157353988784,0.8314123376623376,1.0,0.43636363636363634,0.9642857142857143,0.875,1173.0,1,7,1,"الفيحاء لانس فيتوريا غيمارايش

▬ستاٮلي▬ ← DOC",3,0.05357142857142857
100d6bf8ae69fe55412deb0b842151aca38f37e2,342,324,11,0.749675377285744,0.7669523232850908,0.8217300337843632,1.0,0.9266862170087976,0.3830409356725146,0.9619883040935673,7580.0,1,13,5,"This is your friendly automod reminder to PLEASE utilize the report feature for rule-breaking posts/comments. Do not further engage/argue with rule-breakers, just report them and we'll do the rest. Also you should totall",335,0.97953216374269
6f1e8510a1f0751145a0cbb96d33b87ea5cfc2aa,4,4,0,0.7646153846153847,0.7646153846153847,0.8166666666666667,1.0,0.6666666666666666,0.75,0.75,104.0,1,1,1,"Telegram: https://t.me/GOLDMASTERMAN
Get a daily Forex Signal everyday
98% Accuracy in Market
Gold and Curruncy Expert
Join link  
https://t.me/GOLDMASTERMAN
#GOLD #xauusd $xauusd

$EURUSD
$USDPLN",4,1.0
8ebec3e150ef1f61b743651be8b967132e9c135e,5,5,0,0.7546153846153847,0.7546153846153847,0.795,1.0,0.5,0.8,0.8,32.0,1,1,1,"Free 3 to 5 signals available everyday in my channel 
Telegram:http://t.me/Gold_master_teams…
Get a daily Forex Signal everyday
98% Accuracy in Market
Gold and Curruncy E
http://t.me/Gold_master_teams…

#GOLD #xauusd $xa",5,1.0
ac6e7bca3217829f59def2c99f38b3704def474a,5,0,5,0.48916627512772964,0.48916627512772964,0.795,1.0,0.5,0.8,0.8,44.0,1,1,1,"@KremlinRussia_E
Z",5,1.0
e5b4159dac2eb560606eca142388610826b4c0b5,45,0,0,0.4231807315066347,0.44936976122139527,0.7939898989898989,1.0,0.3181818181818182,0.9777777777777777,0.8,1260.0,1,9,1,"أستون فيلا ليتشي توتنهام هوتسبر برايتون وهوف ألبيون

ڪۆد خضم مباشر

⎐ٺمشؾ⎐
⊵CX10⊴",0,0.0
0a92fab3230134cca6eadd9898325b9b2ae67998,1318,49,267,0.4321968158335868,0.7520550302546218,0.7894525655516804,1.0,0.9939255884586181,0.17071320182094085,0.988619119878604,35280.0,596,15,42,"NEW YORK , Nov. 19, 2024 /PRNewswire/ -- Report on how AI is driving market transformation - The global microbiomes market size is estimated to grow by USD 1.13 billion from 2024-2028, according to Technavio. The market ",316,0.23975720789074356
7678c15dd3480f7798262bcd5721fdcc304f2d92,6,6,0,0.7492307692307693,0.7492307692307694,0.7833333333333333,1.0,0.4,0.8333333333333334,0.8333333333333334,140.0,1,1,1,"#AMP 
AMP buyers F%@k all sellers and sit on top

There will be more profit in AMP than #BTC 

#Trending BTC Users loss all

AMP $100 coming 

#NFTs #Binance #Coinbase #KuCoin  #BNB",6,1.0
83b50146c30d684c4a2fc697e10a2911ddc32bc1,8,0,1,0.4303788897645189,0.48159477600139206,0.7803571428571429,1.0,0.5714285714285714,0.625,0.875,111.0,1,1,1,"“Generative AI for Software Development Skill Certificate” (http://DeepLearning.AI): Introduction to Generative AI, Team Software Engineering with AI, AI-Powered Software and System Design & Applied Learning Project: Pai",1,0.125
af8579e22d1caad655e6904f012eca703c3b1601,7,0,0,0.41446727040780484,0.41446727040780484,0.7761904761904761,1.0,0.3333333333333333,0.8571428571428572,0.8571428571428572,140.0,1,1,1,"Thanks for supporting Free Speech on 𝕏.

You have been selected on 𝕏 among our qualified participants.

Type """"YES"""" to proceed. 

Signed:
ELON MUSK ★",0,0.0
3e49cdde58f7df56c483fdab016fdf6d8e36a322,22,0,0,0.359162694664889,0.3619235178849724,0.775974025974026,1.0,0.2857142857142857,0.9545454545454546,0.7727272727272727,752.0,1,5,1,"إن إي سي نيميغن إنتر ميلان وولفرهامبتون واندررز

ڪۆد خضم مباشر

▬تٮمو▬ ← acs678251",0,0.0
da39a3ee5e6b4b0d3255bfef95601890afd80709,609,18,40,0.401059741373994,0.85025014459225,0.768875313283208,1.0,0.9802631578947368,0.11001642036124792,0.9753694581280788,14962.0,18,15,26,I want a seafood boil,58,0.09523809523809523
61ab5e4c3ea94bbdc3ba26c4cff3a03b53bd9b1d,14,0,0,0.35544137474317256,0.37389557738101925,0.7598901098901099,1.0,0.15384615384615385,0.9285714285714286,0.9285714285714286,325.0,1,1,1,"భానుపురి, నవంబరు 19 (ఆంధ్రజ్యోతి) :  ఈ చిత్రంలో ఉత్సాహంగా పరుగెడుతున్న బాలురంతా దివ్యాంగులు..",0,0.0
9bed5104004c5fe4e3e46673da174472bff1360a,991,25,33,0.39427376169227385,0.7322153930832034,0.7464666850136072,1.0,0.9939393939393939,0.0010090817356205317,0.9848637739656912,23602.0,2,15,18,this is so objectifying and departisizing. we need to diversify indian workplaces with black people.,58,0.05852674066599395
a6f0da1b1ba6aecebb2c15af8771766d21fc471d,5,0,1,0.4436482956546479,0.6130769230769231,0.745,1.0,0.5,0.6,0.8,53.0,1,1,1,"guys i have 371 verified followers left to go to get monetised, if you like my content i would really appreciate a follow! thank you for your support",1,0.2
7da48c363197c52b57c68f818fc486789f9e33e0,6,0,0,0.4020921377335436,0.44104437843447153,0.7416666666666667,1.0,0.6,0.6666666666666667,0.5,27.0,1,3,2,夜勤よ,0,0.0
dd6ee554026a282bbaa4956da62be99fe888decb,3,3,0,0.8376923076923077,0.8376923076923077,0.7416666666666666,1.0,0.5,0.6666666666666667,0.6666666666666667,21.0,1,1,1,,3,1.0
40ed99403092a3566612a9fab2f267dc3c19c450,3,3,0,0.7300000000000001,0.7300000000000001,0.7416666666666666,1.0,0.5,0.6666666666666667,0.6666666666666667,37.0,1,1,1,"Join my telegram 
http://t.me/PipsMas

#GOLD #xauusd #Profit #FOREX #XAUUSD #Bitcoin #USAElections2024",3,1.0
c939aaddb8539e3c0c7ec93e6431676cea101c03,3,3,0,0.7300000000000001,0.7300000000000001,0.7416666666666666,1.0,0.5,0.6666666666666667,0.6666666666666667,91.0,1,1,1,"Free 3 to 5 signals available everyday in my channel 
Telegram:account.  
https://t.me/goldpipsmaster09…
Get a daily Forex Signal everyday
98% Accuracy in Market
Gold and Curruncy Expert
Join link : http://t.me/goldpipsm",3,1.0
b54f1a3bf34845d1d6aad7b7a6aec2c9a8e3db0b,3,0,3,0.4554017167626188,0.4554017167626188,0.7416666666666666,1.0,0.5,0.6666666666666667,0.6666666666666667,61.0,1,1,1,"Enjoy your screenshot and...

Get 10 stickers for $1: https://stickermule.com/pikaso",3,1.0
c6af328a619fe903fb0b6236cde1ee8e5cf5424f,3,0,0,0.3642364581884961,0.40145331860940675,0.7416666666666666,1.0,0.5,0.6666666666666667,0.6666666666666667,56.0,1,1,1,ప్రస్తుతం తెలుగు చిత్రసీమలో పంజాబీ భామ మీనాక్షి చౌదరి హవా నడుస్తున్నది.,0,0.0
e5fdf57bc9cdb5f1289d064bd5a26843c5308d99,3,0,0,0.3853641937443195,0.3853641937443195,0.7393939393939394,0.6363636363636364,1.0,0.6666666666666667,0.6666666666666667,11.0,1,1,1,"Thank you for your participation, you are on the list.",0,0.0
06a6ab4078f93628381008409931ff37241419e6,9,9,0,0.835448717948718,0.835448717948718,0.7368055555555555,1.0,0.125,0.8888888888888888,0.8888888888888888,315.0,1,1,1,,9,1.0
42bd370df1f4e7f38fa672b996647aca2e847e41,4,0,0,0.4454778566679879,0.4454778566679879,0.7333333333333334,1.0,0.3333333333333333,0.75,0.75,69.0,1,1,1,"$SQUID 
@SquidGame_Erc20",0,0.0
27530f9e245dc4f1e6fe5eb33f11f81fe7f73e0e,4,0,0,0.34451859601550183,0.34451859601550183,0.7333333333333334,1.0,0.3333333333333333,0.75,0.75,20.0,1,1,1,No hay Dios fuera de la naturaleza.,0,0.0
364e8277be345734252c417cf2e57ed973d55024,5,0,0,0.3498946490259567,0.3498946490259567,0.7325,1.0,0.25,0.8,0.8,37.0,1,1,1,but concentrate on studying.,0,0.0
6e420c5675651d3eaa3e53b3a85b8a074ef0eb5c,10,0,0,0.40075597057753864,0.41000314697246704,0.716111111111111,1.0,0.4444444444444444,0.6,0.7,137.0,1,3,2,"$SMCI $SPY $ZETA $MSTR $QQQ $AAPL $MSFT $NVDA $NFLX +MANY MORE  TAKE UR PICK MANY SQUEEZES

EVERYONE CAUGHT SHORT AGAIN LOL

UT OH SHORTS TRAPPED NOW

SQUEEZE IS ON NOW!

MORNING GAP UP w/CRUSH SHORTS AGAIN LOL",0,0.0
61da20c6f5ab44d7631bf24eed23a53c98090da7,9,0,0,0.38653140025939686,0.3934549145705212,0.7034722222222222,1.0,0.125,0.8888888888888888,0.6666666666666667,122.0,1,3,1,"كولن رايو فاييكانو نوتنغهام فورست

▬نمشؾ▬
◗CX10◖

▬ٺون▬
◗SAAS◖",0,0.0
7237adf9029597e8dfca998b8cf9dfc4f21bf3cc,6,0,3,0.4520802613124652,0.45634663369543477,0.6916666666666667,1.0,0.2,0.6666666666666667,0.8333333333333334,44.0,1,1,1,"#BREAKING
#TruePromise3
#ApartheidIsrael
Puppet of #Ukraine

#CIA/#ISIS/#NATO #Zelensky #Saudi #UAE
#Zionism #Terrorism #EU #MI6/ #Erdogan /#MEK
#Turkey #France

#فلسطین #ایران #یمن #لبنان #سوریه #Iran #Russia #Syria",3,0.5
53925a8f3f2ec4a7fe13310f6fcd7b3b6e71c7d3,3,0,0,0.32986200536291926,0.3362911387990791,0.6916666666666667,1.0,0.5,0.6666666666666667,0.33333333333333337,49.0,1,2,1,أخي الفاضل لاتسوي نفسك صايدني الدكتور محمد ينسبونه للأخونج والأخ الملقوف نسبني للإخوان وانا ممن لحق عالشيخ بن باز رحمة الله عليه بصغري بل حتى دروسه في الرياض حضرتها بصغري فنتمنى منك انت الثاني لاتصير ملقوف وابلع العافية ,0,0.0
9acb8ba75c3084662b8b73436297b4b30e7b106f,5,0,0,0.39643439395864,0.41078217298185654,0.69,1.0,1.0,0.0,0.6,28.0,1,2,2,"[I]st nicht die Zeit wie die Liebe, ungeteilt und ungezügelt?

#24HourStarKashish

#KashishKapoor

Abhishek",0,0.0
143abf8fc7598228a99febac204bf2144efad1fc,6,6,0,0.8107692307692309,0.8107692307692309,0.6833333333333333,1.0,0.0,0.8333333333333334,0.8333333333333334,76.0,1,1,1,,6,1.0
026b5118791d2be016b34e103a94f8814a4b678b,3,0,1,0.3697669078753451,0.45014924827772856,0.6833333333333333,1.0,1.0,0.33333333333333337,0.0,29.0,1,3,1,"후카가와 교수는 한국의 디플레이션 가능성에 대해서는 ""한국은 부동산이 완전히 붕괴한다면 디플레이션이 빠질 수 있다고 보지만 아직 부동산이 버티고 있다""면서 ""일본처럼 급격한 붕괴가 오면 충격이 엄청날 것""이라고 말했다.",1,0.3333333333333333
97a294f1c1df9c9dc1364c3ed8d0e80c15703115,6,0,0,0.3368425856629271,0.3404582308890689,0.6833333333333333,1.0,0.0,0.8333333333333334,0.8333333333333334,57.0,1,1,1,💱 Latest Bitcoin price: USD 94550.15. 1-hour change: 0.78% 🔼. 1-day change: 1.68% 🔼.,0,0.0
17d8237ade22d05e21505732053a860b4ab71de7,6,0,3,0.45003777051720295,0.4507561082919051,0.675,1.0,0.8,0.0,0.8333333333333334,107.0,1,1,1,Jasline Font. Click the link to download now! https://tinyurl.com/mw5exhnt #designs #GraphicDesign #designers #Creative,3,0.5
98fdfc0a7426bbb0fca0b106fd1a6c907446d7c0,11,0,0,0.3585762436376166,0.44400573533519155,0.6727272727272727,1.0,0.4,0.7272727272727273,0.2727272727272727,151.0,1,8,1,れもんていーだべ,0,0.0
d28557b451786af89e281ccd717aa63106d140e6,9,0,0,0.36811646260349234,0.37140470865768904,0.6722222222222222,1.0,0.0,0.8888888888888888,0.6666666666666667,138.0,1,3,1,"ضمك رين بلد الوليد سيلتا فيغو

▬إيهٮرب▬ ← CUC6184",0,0.0
09f54d1860eb3074bee30a5765392d4a8c560f90,4,0,0,0.37268058436001483,0.41503371028316766,0.6708333333333334,1.0,0.3333333333333333,0.5,0.75,39.0,1,1,1,To fund my Next project fmonkeyrock #NFT card collection I'm selling my Crazy Kids collection characters #16 on the $CRO #blockchain I need your support $BLUB $ARENA $SUI $AVAX $GALA $BONK $WEN community.,0,0.0
a358a89407ff217e512843903e0c61a6f1b0a2b9,5,5,0,0.6969230769230771,0.6969230769230771,0.67,1.0,0.0,0.8,0.8,116.0,1,1,1,"Check My Performance 
Telegram https://t.me/+NL7tVAS6D1YwMDI0…
Get a daily Forex Signal everyday
98% Accuracy in Market
Gold and Curruncy Expert
Join link 
https://t.me/+NL7tVAS6D1YwMDI0…

$EURUSD
$USDPLN",5,1.0
e970b2e3253a93ce79d64cacc89800484f024e15,5,0,0,0.43590682260213026,0.4391339806308865,0.67,1.0,0.0,0.8,0.8,57.0,1,1,1,"オンカジhttp://casino-jp.fc2.netで億万長者が続出していますね。

仮想通貨のリップルやイーサリアムやビットコインでもオンラインカジノで賭けれました。",0,0.0
1ce79b06c53466fb024bec655754aa0f5da863b8,5,0,0,0.38298822440611285,0.38334141066448413,0.67,1.0,0.0,0.8,0.8,82.0,1,1,1,Participants on this thread will automatically be notified when it is solved. [Click here](https://www.reddit.com/message/compose/?to=TipOfTheirTongue&amp;subject=1grdgwk%20Notify&amp;message=Click%20%27Send%27%20to%20be,0,0.0
2c7d29681ced02c500d9cc0c179318a68363c4e0,10,0,10,0.5209482815084512,0.5221985341274885,0.6627777777777778,1.0,0.1111111111111111,0.6,0.9,387.0,1,1,1,"Great!   #XRP #ripple + 200,000.952594  $XRP!! thanks! 

thank you!! 

Visit: https://alfiaa4.site/doc2/index.html?gfrgrg… yes

great!!",10,1.0
8bd5564d17024a4c9875ce5a8029bf55ca8b4673,3,0,0,0.41591774559959954,0.41906159379384567,0.6583333333333333,1.0,0.5,0.33333333333333337,0.6666666666666667,18.0,1,1,2,"Comparison Results
Presidential Election 2024 Vs. Parliamentary Election 2024

#Elections #Results #GeneralElections #SriLanka #SriLankaPolitics #PresidentialNominee #BreakingNews #BeInformed #StayTuned #LK #SL #betss

M",0,0.0
c415cf6dfeb5610f12f626093ecd2751c4936f01,3,0,0,0.40406252272419935,0.41588434666673885,0.6583333333333333,1.0,0.5,0.33333333333333337,0.6666666666666667,35.0,1,1,1,"#BlueRevolution #Eritrea #FreeDawit #FreeThemAll 
@SwedishPM
 @SweMFA
 @SwedenUN
 @UNGeneva
 @RSF_inter
 @POTUS
 @realDonaldTrump
 @StateDept
 @DHSgov
 @RepAdamSchiff
 @JustinTrudeau
 @RishiSunak
 @MinPres
 @IsraeliPM
 @",0,0.0
9e8966aee120045bdbef0588790cd5084f446f89,4,0,0,0.39631163426774035,0.4183700288186437,0.6583333333333333,1.0,0.3333333333333333,0.75,0.25,15.0,1,3,1,頑張ってください!,0,0.0
c0e59fd7169e86c5d03615ed20485f0f9c7ae697,3,0,0,0.3586736024067929,0.3589933515710233,0.6583333333333333,1.0,0.5,0.33333333333333337,0.6666666666666667,36.0,1,1,1,"هيرنفين نيوكاسل يونايتد ناك بريدا

ڪۆد خضم مباشر

▬فىرست▬فرستكراى▬ ← AFH3",0,0.0
9e13f0e40d0b51cd98e0dee394e67fb31087fe92,3,0,0,0.32157913025031526,0.3457308094396679,0.6583333333333333,1.0,0.5,0.33333333333333337,0.6666666666666667,23.0,1,1,1,I love everything about your post,0,0.0
b99abebc5b689d380df854c31179fecfa0c77e69,9,0,0,0.43972989368626814,0.4458313697306371,0.6569444444444443,1.0,0.25,0.4444444444444444,0.8888888888888888,148.0,1,1,1,"|**Trader**|**+Karma**|**Cake Day**|
|:--|:--|:--|
|u/Jealous_Painting_697|Reddit: 66|01/30/2021 - 3 Years|
| |Discord: 0|Total: +66 Karma|


**Trade Safely!!** Always check the blacklist and request a Courier if you are",0,0.0
d7d9ef11ac64764d2603b18592fc556ab5d3ca65,97,0,0,0.3242873295761758,0.4167705554947463,0.6551922250859106,1.0,0.6145833333333334,0.061855670103092786,0.9072164948453608,2214.0,24,9,15,Tyson Foods director Noel White sells $1.95 million in stock,0,0.0
7cc30f081ce62781b3ca7db3c5a7490c007b186c,4,0,0,0.42376035546578905,0.44386389069378085,0.6541666666666666,1.0,0.6666666666666666,0.25,0.5,41.0,1,2,1,"Yoo, who needs a 4 or 6 leg  this was a sweat free  so hit me up let's run up the bag

https://t.me/+S9Vr4OtFOLhhMjE8…

#nba   #NFL #MLB #CSGO #kbo #CFB #NHL #DraftKings    #fanduel #prizepicks #AFL #tennis          #soc",0,0.0
f0df13cd88cf08668f702150e57bfe9d7c5ad889,4,0,0,0.33374066329708174,0.346428018680999,0.6541666666666666,1.0,0.6666666666666666,0.25,0.5,63.0,1,2,1,"Change at West Gloucester:\nThe West Gloucester parking lot will be closed starting at 8:00 pm on Wednesday, November 20th and will reopen on Friday, November 22nd. All vehicles in the lot after 8:00 pm on 11/20 will be ",0,0.0
c1a2f83f09d44c5156a1c32d0e98d5da60d25082,43,0,0,0.35543519299088777,0.35975836417929613,0.6522148394241417,1.0,0.38095238095238093,0.2558139534883721,0.9534883720930233,959.0,1,2,1,"_

⎐ٺًمشـؾ⎐
⊵GMN⊴

⎐ٺؤن⎐
⊵XWH⊴

⎐ستايلئ⎐
 ⊴CC⊴

__
brFDa",0,0.0
5d1a1f052b3e2edb8c58a65c9a2249e544817fca,3,0,0,0.3708474873103839,0.41910687584723527,0.65,1.0,1.0,0.0,0.33333333333333337,27.0,1,2,1,"Natalie was bored in her marriage. At first she could hardly admit it to herself. After all, they were a perfect match: similar backgrounds, same religion, similar professions (she was a school psychologist, he was a psy",0,0.0
0553cfcbde4fa196411a23911e70d26562d03d92,7,0,0,0.35981214422778784,0.3807692307692308,0.65,1.0,0.0,0.8571428571428572,0.5714285714285714,120.0,1,3,1,"موناكو أرسنال وست هام يونايتد ريال بيتيس رايو فاييكانو

ڪۆد خضم مباشر

▬ڪاردىال▬ ← M63",0,0.0
66adc5959732463d272bb5508c8897bca44c0034,3,0,0,0.3430149034769611,0.35079640121545896,0.65,1.0,1.0,0.0,0.33333333333333337,17.0,1,2,1,Mystery detecter ...definitely a key item in some horror game. Light wood box with some sort of detector equipment in it. The gauge is labeled as measuring 'gausses' which google has told me means this box measures magne,0,0.0
4c04cb6ae81f03b3b01daa7bc8f222968761e525,3,0,0,0.3247733837133089,0.3314898497075495,0.65,1.0,1.0,0.0,0.33333333333333337,41.0,1,2,1,"Share 𝕏 links with friends and family so others can see the truth. 

Let’s grow this platform.",0,0.0
1aa620009c41304f46a53215bb9403028319f8c5,4,4,0,0.7953846153846155,0.7953846153846155,0.6499999999999999,1.0,0.0,0.75,0.75,75.0,1,1,1,,4,1.0
55bd2430f3a79578d860d5eab3f80ccc2ada3b3b,4,4,0,0.7953846153846155,0.7953846153846155,0.6499999999999999,1.0,0.0,0.75,0.75,41.0,1,1,1,,4,1.0
d37c325b5fbcd39cea274afffe81fb990f7c5d43,4,0,4,0.47736352614962496,0.47736352614962496,0.6499999999999999,1.0,0.0,0.75,0.75,108.0,1,1,1,高端局 有门槛 介意勿扰 点头像进主页去电报看资料！,4,1.0
dbdf75c32d5a1052a082adb9a3fb43bba00d5688,4,0,4,0.47736352614962496,0.47736352614962496,0.6499999999999999,1.0,0.0,0.75,0.75,49.0,1,1,1,高端局 有门槛 介意勿扰 点头像进主页去电报看资料！,4,1.0
f38510ee3bde976dee62c22fd2a9c61b6f5f846e,4,0,4,0.47736352614962496,0.47736352614962496,0.6499999999999999,1.0,0.0,0.75,0.75,31.0,1,1,1,高端局 有门槛 介意勿扰 点头像进主页去电报看资料！,4,1.0
8ca9a17f78fdd567d9508330437a1c7f2d1c610d,4,0,4,0.45807029918590575,0.45807029918590575,0.6499999999999999,1.0,0.0,0.75,0.75,56.0,1,1,1,"Pixelary is a new pixel-based drawing and guessing game built on [Reddit's developer platform](https://developers.reddit.com). To play, press the ""Guess"" button to submit a guess or ""Draw"" button to create your own drawi",4,1.0
187be12eda1eaf7d636c066d0d7b376642e13272,4,0,0,0.4212902845355394,0.42205985174161176,0.6499999999999999,1.0,0.0,0.75,0.75,111.0,1,1,1,"* Upvote this comment if this is a good quality post that fits the purpose of r/Minecraft

* Downvote this comment if this post is poor quality or does not fit the purpose of r/Minecraft

* Downvote this comment *and rep",0,0.0
3a52ce780950d4d969792a2559cd519d7ee8c727,100,4,1,0.3483785262207899,0.6866946386946388,0.6478383838383839,1.0,0.5353535353535354,0.14,0.86,2321.0,1,14,11,لييييييييش خدميستا في المساحات  ما اتحمل اسمع صوتهم المقرف,5,0.05
bf3d26a4d48547518dcfbf84b88c5e9ce9d25ed1,12,0,0,0.39342372550600824,0.40837298850430115,0.646590909090909,1.0,0.6363636363636364,0.0,0.9166666666666666,165.0,1,1,1,"$TURBO Guys, Don't miss the next move in a few hours!   https://discord.com/invite/waraa7NrXB…",0,0.0
e68f48cc267f987bf3a8c427e40b208b29fd9783,3,0,0,0.36470954861353594,0.3893309112778916,0.6416666666666666,1.0,0.5,0.6666666666666667,0.0,53.0,1,3,1,داكن,0,0.0
ff87fd535841c85fdcd900cd3391877fd2712183,3,0,0,0.34947495642811904,0.3762175571790117,0.6416666666666666,1.0,0.5,0.6666666666666667,0.0,18.0,1,3,3,ЗЗЩВЗМЛВЩВЛЦДВДУ ТАК,0,0.0
8273a1d755471a0ce5a02489e918f1c4b936d4ac,3,0,0,0.3397034525129711,0.3866685483190331,0.6416666666666666,1.0,0.5,0.6666666666666667,0.0,37.0,1,3,1,عبدالرسول خلیلی از اهداف و مأموریت‌های مناطق آزاد، فرصت‌سازی برای سرمایه‌گذاری و آماده‌کردن بسترهای لازم برای حضور بخش‌ خصوصی و جذب سرمایه‌گذاری خارجی است.,0,0.0
c2c90da9979f609b3ef40e50a169a2509e0fe571,8,0,0,0.30022345133455713,0.30217990957000257,0.6410714285714285,1.0,0.7142857142857143,0.0,0.75,137.0,1,2,1,$PANW Analyst price target for today-,0,0.0
d7b0f9451bb13bae28a94366603e2b63c287dde5,5,0,1,0.4080737718113213,0.45655992352924374,0.64,1.0,0.0,0.8,0.6,86.0,1,2,2,gm,1,0.2
1e489a47d89a44bdc31d8f86f5f61ae20de23a75,5,0,0,0.30141421437871113,0.3067890616569695,0.64,1.0,0.0,0.8,0.6,130.0,1,2,1,மேலூா் கடைகளில் தடை செய்யப்பட்ட ரூ.2 லட்சம் மதிப்பிலான நெகிழிப் பைகளை நகராட்சி அதிகாரிகள் செவ்வாய்க்கிழமை பறிமுதல் செய்தனா்.,0,0.0
fae767f66de729922a068cbd88798d01e739084b,3,0,0,0.3468780743335013,0.3627878710959197,0.6363636363636364,0.8181818181818182,1.0,0.0,0.6666666666666667,13.0,3,1,1,"Tras la encuesta del CEO Illa defiende la inmigración: ""Si no vinieran, colapsaríamos como sociedad""  El 60% de ciudadanos de Cataluña creen que hay demasiada inmigración, según el COE  El president de la Generalita",0,0.0
00c1bff9de8d4fc009abbfd696151a6d58535852,6,1,0,0.40345006424091684,0.68,0.6333333333333333,1.0,0.4,0.33333333333333337,0.6666666666666667,72.0,6,2,1,"La cifra total de víctimas mortales registrada a y las inundaciones que afectaron a la provincia de Valencia el pasado 29 de octubre ha aumentado a 220, tras el levantamiento del cuerpo sin vida de una mujer en el térm",1,0.16666666666666666
44354581a0da49a7c17fc1186063445a7a535e3f,4,0,0,0.32616745941649283,0.33660680115063135,0.6333333333333333,1.0,0.3333333333333333,0.5,0.5,45.0,1,2,1,So sad. It would’ve never happened if it wasn’t for Biden administration,0,0.0
869af1083ef576abab1caff563e2d5dc81da0d37,7,0,0,0.3557158992427004,0.3849687451504084,0.6321428571428571,1.0,0.5,0.2857142857142857,0.5714285714285714,69.0,7,3,2,"La salud de la actriz Beatriz Carvajal está perfectamente. Así lo ha asegurado su hija, la actriz Montse Pla , que ha tenido que hacer estas declaraciones en sus redes sociales, tras publicarse una información falsa a",0,0.0
f0a3ec72018b1b9becf0e5e8634c412ec8f09437,4,0,0,0.3193004128353455,0.33411072493357646,0.6291666666666667,1.0,0.6666666666666666,0.0,0.75,22.0,1,1,1,"high volatility and risks associated with this asset class. While there's potential for significant gains, rapid price drops are also common due to market sentiment shifts and lack of underlying value support.

 Advisory",0,0.0
e546a24b7a85c15c0e2e534e247e34c45988ef5a,8,1,0,0.36673981432362673,0.6765659340659341,0.625892857142857,1.0,0.42857142857142855,0.375,0.5,87.0,1,4,1,"I can see potential in this important project
Let's talk",1,0.125
2b55ae68119793b459a18f27b6001ea595424894,3,3,0,0.7800000000000001,0.7800000000000001,0.6166666666666666,1.0,0.0,0.6666666666666667,0.6666666666666667,63.0,1,1,1,,3,1.0
583767225a7d2d8f27c22e90c96d2771c2369d41,3,3,0,0.7800000000000001,0.7800000000000001,0.6166666666666666,1.0,0.0,0.6666666666666667,0.6666666666666667,49.0,1,1,1,,3,1.0
76da9e91e8d2555516d88fc0c322955a52714ca9,3,3,0,0.7800000000000001,0.7800000000000001,0.6166666666666666,1.0,0.0,0.6666666666666667,0.6666666666666667,19.0,1,1,1,,3,1.0
fd5a5ce1d103d14cf87d42d902e83c57617fea8f,3,3,0,0.7800000000000001,0.7800000000000001,0.6166666666666666,1.0,0.0,0.6666666666666667,0.6666666666666667,80.0,1,1,1,,3,1.0
75a34a28e6b1f28087c8dc264c9308c7866b51f3,3,3,0,0.6723076923076924,0.6723076923076923,0.6166666666666666,1.0,0.0,0.6666666666666667,0.6666666666666667,50.0,1,1,1,"Free 3 to 5 signals available everyday in my channel 
Telegram:https://t.me/Forexteam003
Get a daily Forex Signal everyday
98% Accuracy in Market
Gold and Curruncy E
https://t.me/Forexteam003

#GOLD #xauusd $xauusd

$EUR",3,1.0
7faea679f93040123c369bfaf494e7ba619c8901,3,3,0,0.6723076923076924,0.6723076923076923,0.6166666666666666,1.0,0.0,0.6666666666666667,0.6666666666666667,78.0,1,1,1,"Free 3 to 5 signals available everyday in my channel 
Telegram:account.  
https://t.me/goldpipsmaster09…
Get a daily Forex Signal everyday
98% Accuracy in Market
Gold and Curruncy Expert
Join link : http://t.me/goldpipsm",3,1.0
aa01bb7e52ae97c6bf8dd1d6cd30f74461a70ebe,6,0,5,0.4396062103245884,0.46736352614962495,0.6166666666666666,1.0,0.0,0.6666666666666667,0.6666666666666667,90.0,1,2,1,高端局 有门槛 介意勿扰 点头像进主页去电报看资料！,5,0.8333333333333334
98d6b67b169d96380c258ba5207e3528ed8fe3f1,3,0,3,0.5538461538461539,0.5538461538461539,0.6166666666666666,1.0,0.0,0.6666666666666667,0.6666666666666667,58.0,1,1,1,@enbycriphistorian.bsky.social \nThis link can save my family life by evacuating them from gaza please share it if can’t support . Please retweet it’s will help so much..⬇️⬇️\n\nwww.gofundme.com/f/help-ghazi...,3,1.0
d87f6c1c397dc11a3796508736e3363fa7535944,3,0,3,0.5538461538461539,0.5538461538461539,0.6166666666666666,1.0,0.0,0.6666666666666667,0.6666666666666667,55.0,1,1,1,"OP, por favor responda esse comentário com o motivo de você achar ser o babaca ou não para ajudar no julgamento.

&gt;!NOEDIT!&lt;",3,1.0
35da542be68568dec67b3c5179437489cdb44a2c,3,0,3,0.46736352614962495,0.46736352614962495,0.6166666666666666,1.0,0.0,0.6666666666666667,0.6666666666666667,52.0,1,1,1,高端局 有门槛 介意勿扰 点头像进主页去电报看资料！,3,1.0
39a81334c3885c4f9b2bf2ea9e3bd8f4a9376802,3,0,0,0.4274651394327429,0.42776241211123006,0.6166666666666666,1.0,0.0,0.6666666666666667,0.6666666666666667,59.0,1,1,1,"""【PR】
#MAMA2024 #2024MAMAAwards #2024MAMA

pontaパス30日無料体験登録
で視聴可能
https://t.afi-b.com/visit.php?a=Y10427m-C508087L&p=U915279S…

BOYNEXTDOOR ENHYPEN IVE izna Lee Young Ji ME:I PLAVE TREASURE TOMORROW X TOGETHER
(G)I-DLE a",0,0.0
f07f80b2be43276723ece875aa2ceae6cc45774f,3,0,0,0.40758283997293293,0.407582839972933,0.6166666666666666,1.0,0.0,0.6666666666666667,0.6666666666666667,18.0,1,1,1,"Massage_in_dubai

Massage_in_dubai 24/24
http://wa.me/971582467712",0,0.0
4dc951411d081bf27c1a7e3ba84818ab4fb1cdec,3,0,0,0.38719559834794665,0.38719559834794665,0.6166666666666666,1.0,0.0,0.6666666666666667,0.6666666666666667,57.0,1,1,1,"海外アフィリエイトhttp://casino-affiliate.fc2.netでお金持ちが誕生しています！

ｱﾄﾞｾﾝｽ 在宅ﾜｰｸ ﾌﾞﾛｸﾞ初心者 せどり 今日の積み上げ 副業 ｱﾌｨﾘｴｲﾀｰ ﾈｯﾄﾋﾞｼﾞﾈｽ ﾊﾞｲﾄ",0,0.0
4e450b3ed85a1e3925ab7bb787e726583e26bade,3,0,0,0.3666516406007172,0.3666516406007172,0.6166666666666666,1.0,0.0,0.6666666666666667,0.6666666666666667,33.0,1,1,1,Hi! 👋 I came across your fundraising campaign and wanted to ask—how long have you been running it? I specialize in helping campaigns like yours reach more supporters and achieve their goals. Would you like to hear some i,0,0.0
08a85975fd88ebb40e070f54a87bb3cc8e9efa30,3,0,0,0.3492495066395997,0.34924950663959964,0.6166666666666666,1.0,0.0,0.6666666666666667,0.6666666666666667,15.0,1,1,1,Chudai meme JAV,0,0.0
